month,hour,항목,2017 년,2018 년,2019 년,2020 년,2021 년
1,1,숙박업,1020.0,1001.0,995.0,975.0,1027
1,1,컴퓨터 프로그래밍/ 시스템 통합 및 관리업,892.0,914.0,948.0,914.0,904
1,1,연구개발업,782.0,788.0,817.0,785.0,809
1,1,공공행정/ 국방 및 사회보장 행정,736.0,738.0,746.0,700.0,707
1,1,교육 서비스업,799.0,780.0,782.0,723.0,717
1,2,숙박업,961.0,946.0,940.0,920.0,980
1,2,컴퓨터 프로그래밍/ 시스템 통합 및 관리업,885.0,907.0,943.0,905.0,902
1,2,연구개발업,771.0,780.0,809.0,777.0,802
1,2,공공행정/ 국방 및 사회보장 행정,725.0,728.0,737.0,690.0,698
1,2,교육 서비스업,789.0,774.0,778.0,715.0,716
1,3,숙박업,908.0,899.0,894.0,877.0,943
1,3,컴퓨터 프로그래밍/ 시스템 통합 및 관리업,880.0,902.0,939.0,899.0,901
1,3,연구개발업,764.0,771.0,803.0,773.0,804
1,3,공공행정/ 국방 및 사회보장 행정,720.0,722.0,729.0,682.0,694
1,3,교육 서비스업,779.0,767.0,770.0,705.0,712
1,4,숙박업,873.0,865.0,863.0,850.0,920
1,4,컴퓨터 프로그래밍/ 시스템 통합 및 관리업,877.0,898.0,937.0,897.0,892
1,4,연구개발업,760.0,768.0,800.0,770.0,801
1,4,공공행정/ 국방 및 사회보장 행정,717.0,720.0,727.0,679.0,694
1,4,교육 서비스업,767.0,758.0,765.0,697.0,708
1,5,숙박업,867.0,861.0,860.0,850.0,917
1,5,컴퓨터 프로그래밍/ 시스템 통합 및 관리업,875.0,895.0,934.0,896.0,891
1,5,연구개발업,762.0,772.0,805.0,774.0,807
1,5,공공행정/ 국방 및 사회보장 행정,728.0,728.0,739.0,691.0,704
1,5,교육 서비스업,768.0,758.0,765.0,700.0,709
1,6,숙박업,895.0,893.0,891.0,887.0,937
1,6,컴퓨터 프로그래밍/ 시스템 통합 및 관리업,883.0,899.0,941.0,904.0,899
1,6,연구개발업,778.0,794.0,825.0,804.0,829
1,6,공공행정/ 국방 및 사회보장 행정,771.0,769.0,783.0,740.0,749
1,6,교육 서비스업,789.0,775.0,784.0,724.0,729
1,7,숙박업,955.0,949.0,948.0,946.0,970
1,7,컴퓨터 프로그래밍/ 시스템 통합 및 관리업,909.0,925.0,963.0,930.0,920
1,7,연구개발업,832.0,847.0,877.0,869.0,890
1,7,공공행정/ 국방 및 사회보장 행정,887.0,887.0,908.0,880.0,878
1,7,교육 서비스업,840.0,826.0,836.0,784.0,788
1,8,숙박업,991.0,986.0,988.0,979.0,983
1,8,컴퓨터 프로그래밍/ 시스템 통합 및 관리업,954.0,977.0,1004.0,985.0,962
1,8,연구개발업,931.0,940.0,964.0,972.0,991
1,8,공공행정/ 국방 및 사회보장 행정,1068.0,1062.0,1087.0,1088.0,1091
1,8,교육 서비스업,923.0,920.0,938.0,904.0,914
1,9,숙박업,1006.0,1008.0,1014.0,1006.0,982
1,9,컴퓨터 프로그래밍/ 시스템 통합 및 관리업,1060.0,1044.0,1067.0,1060.0,1041
1,9,연구개발업,1107.0,1101.0,1114.0,1142.0,1139
1,9,공공행정/ 국방 및 사회보장 행정,1279.0,1265.0,1290.0,1337.0,1336
1,9,교육 서비스업,1153.0,1171.0,1233.0,1262.0,1274
1,10,숙박업,1012.0,1015.0,1029.0,1031.0,978
1,10,컴퓨터 프로그래밍/ 시스템 통합 및 관리업,1119.0,1093.0,1076.0,1105.0,1110
1,10,연구개발업,1264.0,1245.0,1232.0,1273.0,1258
1,10,공공행정/ 국방 및 사회보장 행정,1367.0,1354.0,1374.0,1442.0,1437
1,10,교육 서비스업,1464.0,1461.0,1514.0,1609.0,1584
1,11,숙박업,1025.0,1027.0,1045.0,1047.0,988
1,11,컴퓨터 프로그래밍/ 시스템 통합 및 관리업,1126.0,1102.0,1079.0,1110.0,1123
1,11,연구개발업,1292.0,1272.0,1246.0,1285.0,1261
1,11,공공행정/ 국방 및 사회보장 행정,1340.0,1335.0,1339.0,1409.0,1399
1,11,교육 서비스업,1494.0,1493.0,1516.0,1626.0,1605
1,12,숙박업,1016.0,1019.0,1031.0,1034.0,980
1,12,컴퓨터 프로그래밍/ 시스템 통합 및 관리업,1123.0,1099.0,1074.0,1101.0,1120
1,12,연구개발업,1267.0,1251.0,1219.0,1255.0,1237
1,12,공공행정/ 국방 및 사회보장 행정,1274.0,1276.0,1267.0,1327.0,1329
1,12,교육 서비스업,1437.0,1445.0,1448.0,1552.0,1554
1,13,숙박업,999.0,1011.0,1016.0,1024.0,975
1,13,컴퓨터 프로그래밍/ 시스템 통합 및 관리업,1105.0,1078.0,1058.0,1087.0,1108
1,13,연구개발업,1214.0,1208.0,1174.0,1215.0,1208
1,13,공공행정/ 국방 및 사회보장 행정,1186.0,1202.0,1186.0,1233.0,1252
1,13,교육 서비스업,1289.0,1322.0,1315.0,1402.0,1456
1,14,숙박업,991.0,1003.0,1003.0,1015.0,969
1,14,컴퓨터 프로그래밍/ 시스템 통합 및 관리업,1109.0,1087.0,1060.0,1093.0,1105
1,14,연구개발업,1228.0,1221.0,1182.0,1234.0,1211
1,14,공공행정/ 국방 및 사회보장 행정,1206.0,1219.0,1193.0,1254.0,1253
1,14,교육 서비스업,1263.0,1299.0,1284.0,1374.0,1421
1,15,숙박업,989.0,999.0,999.0,1008.0,967
1,15,컴퓨터 프로그래밍/ 시스템 통합 및 관리업,1103.0,1086.0,1057.0,1088.0,1102
1,15,연구개발업,1219.0,1214.0,1173.0,1224.0,1204
1,15,공공행정/ 국방 및 사회보장 행정,1176.0,1193.0,1163.0,1218.0,1219
1,15,교육 서비스업,1227.0,1267.0,1239.0,1323.0,1372
1,16,숙박업,994.0,1008.0,1008.0,1011.0,975
1,16,컴퓨터 프로그래밍/ 시스템 통합 및 관리업,1096.0,1083.0,1051.0,1081.0,1079
1,16,연구개발업,1206.0,1203.0,1166.0,1211.0,1194
1,16,공공행정/ 국방 및 사회보장 행정,1163.0,1180.0,1149.0,1199.0,1197
1,16,교육 서비스업,1180.0,1217.0,1183.0,1248.0,1293
1,17,숙박업,1014.0,1031.0,1030.0,1034.0,1004
1,17,컴퓨터 프로그래밍/ 시스템 통합 및 관리업,1091.0,1084.0,1049.0,1078.0,1087
1,17,연구개발업,1198.0,1211.0,1159.0,1195.0,1184
1,17,공공행정/ 국방 및 사회보장 행정,1167.0,1194.0,1154.0,1191.0,1191
1,17,교육 서비스업,1096.0,1132.0,1081.0,1117.0,1133
1,18,숙박업,1067.0,1076.0,1078.0,1088.0,1058
1,18,컴퓨터 프로그래밍/ 시스템 통합 및 관리업,1093.0,1074.0,1044.0,1067.0,1076
1,18,연구개발업,1156.0,1142.0,1122.0,1129.0,1109
1,18,공공행정/ 국방 및 사회보장 행정,1146.0,1137.0,1132.0,1149.0,1148
1,18,교육 서비스업,968.0,952.0,938.0,939.0,924
1,19,숙박업,1101.0,1103.0,1102.0,1110.0,1090
1,19,컴퓨터 프로그래밍/ 시스템 통합 및 관리업,1038.0,1031.0,1003.0,1015.0,1018
1,19,연구개발업,1043.0,1041.0,1030.0,1006.0,985
1,19,공공행정/ 국방 및 사회보장 행정,1045.0,1034.0,1025.0,1007.0,989
1,19,교육 서비스업,891.0,880.0,863.0,846.0,813
1,20,숙박업,1089.0,1095.0,1090.0,1099.0,1089
1,20,컴퓨터 프로그래밍/ 시스템 통합 및 관리업,1006.0,1005.0,982.0,991.0,990
1,20,연구개발업,971.0,971.0,970.0,933.0,918
1,20,공공행정/ 국방 및 사회보장 행정,973.0,964.0,958.0,928.0,908
1,20,교육 서비스업,858.0,848.0,838.0,814.0,761
1,21,숙박업,1071.0,1074.0,1072.0,1080.0,1074
1,21,컴퓨터 프로그래밍/ 시스템 통합 및 관리업,984.0,988.0,966.0,976.0,973
1,21,연구개발업,929.0,932.0,934.0,896.0,892
1,21,공공행정/ 국방 및 사회보장 행정,921.0,908.0,909.0,874.0,855
1,21,교육 서비스업,834.0,823.0,815.0,781.0,728
1,22,숙박업,1044.0,1045.0,1041.0,1053.0,1053
1,22,컴퓨터 프로그래밍/ 시스템 통합 및 관리업,955.0,964.0,945.0,954.0,949
1,22,연구개발업,887.0,886.0,897.0,858.0,846
1,22,공공행정/ 국방 및 사회보장 행정,854.0,842.0,847.0,812.0,798
1,22,교육 서비스업,802.0,788.0,777.0,734.0,692
1,23,숙박업,1037.0,1028.0,1018.0,1028.0,1055
1,23,컴퓨터 프로그래밍/ 시스템 통합 및 관리업,926.0,943.0,927.0,937.0,929
1,23,연구개발업,833.0,833.0,851.0,817.0,805
1,23,공공행정/ 국방 및 사회보장 행정,791.0,785.0,791.0,751.0,750
1,23,교육 서비스업,778.0,761.0,753.0,700.0,683
1,24,숙박업,1076.0,1056.0,1044.0,1047.0,1087
1,24,컴퓨터 프로그래밍/ 시스템 통합 및 관리업,908.0,921.0,952.0,925.0,916
1,24,연구개발업,805.0,809.0,832.0,802.0,816
1,24,공공행정/ 국방 및 사회보장 행정,760.0,760.0,765.0,720.0,725
1,24,교육 서비스업,813.0,791.0,784.0,723.0,712
2,1,숙박업,1019.0,1017.0,992.0,993.0,1024
2,1,컴퓨터 프로그래밍/ 시스템 통합 및 관리업,900.0,935.0,946.0,919.0,913
2,1,연구개발업,799.0,809.0,828.0,795.0,822
2,1,공공행정/ 국방 및 사회보장 행정,752.0,754.0,763.0,725.0,718
2,1,교육 서비스업,779.0,767.0,796.0,731.0,720
2,2,숙박업,960.0,962.0,934.0,941.0,971
2,2,컴퓨터 프로그래밍/ 시스템 통합 및 관리업,895.0,930.0,942.0,912.0,908
2,2,연구개발업,789.0,800.0,819.0,787.0,815
2,2,공공행정/ 국방 및 사회보장 행정,741.0,746.0,753.0,716.0,709
2,2,교육 서비스업,773.0,765.0,793.0,724.0,717
2,3,숙박업,905.0,914.0,887.0,899.0,929
2,3,컴퓨터 프로그래밍/ 시스템 통합 및 관리업,891.0,926.0,939.0,907.0,906
2,3,연구개발업,781.0,793.0,813.0,785.0,816
2,3,공공행정/ 국방 및 사회보장 행정,736.0,738.0,745.0,707.0,704
2,3,교육 서비스업,765.0,762.0,783.0,717.0,709
2,4,숙박업,870.0,880.0,855.0,873.0,904
2,4,컴퓨터 프로그래밍/ 시스템 통합 및 관리업,886.0,923.0,937.0,905.0,901
2,4,연구개발업,777.0,791.0,812.0,785.0,814
2,4,공공행정/ 국방 및 사회보장 행정,733.0,737.0,743.0,705.0,705
2,4,교육 서비스업,756.0,756.0,776.0,708.0,702
2,5,숙박업,862.0,875.0,854.0,872.0,900
2,5,컴퓨터 프로그래밍/ 시스템 통합 및 관리업,885.0,921.0,935.0,905.0,900
2,5,연구개발업,779.0,794.0,817.0,789.0,820
2,5,공공행정/ 국방 및 사회보장 행정,743.0,748.0,756.0,717.0,716
2,5,교육 서비스업,757.0,758.0,774.0,711.0,707
2,6,숙박업,891.0,910.0,889.0,907.0,924
2,6,컴퓨터 프로그래밍/ 시스템 통합 및 관리업,893.0,924.0,939.0,912.0,910
2,6,연구개발업,796.0,816.0,839.0,817.0,844
2,6,공공행정/ 국방 및 사회보장 행정,788.0,790.0,801.0,765.0,765
2,6,교육 서비스업,778.0,777.0,794.0,735.0,731
2,7,숙박업,951.0,965.0,945.0,962.0,963
2,7,컴퓨터 프로그래밍/ 시스템 통합 및 관리업,916.0,944.0,957.0,935.0,931
2,7,연구개발업,849.0,869.0,890.0,880.0,907
2,7,공공행정/ 국방 및 사회보장 행정,907.0,910.0,925.0,901.0,901
2,7,교육 서비스업,828.0,829.0,844.0,794.0,794
2,8,숙박업,992.0,999.0,984.0,987.0,979
2,8,컴퓨터 프로그래밍/ 시스템 통합 및 관리업,957.0,975.0,995.0,987.0,967
2,8,연구개발업,944.0,961.0,973.0,985.0,1006
2,8,공공행정/ 국방 및 사회보장 행정,1082.0,1084.0,1093.0,1106.0,1116
2,8,교육 서비스업,926.0,942.0,941.0,922.0,924
2,9,숙박업,1011.0,1013.0,1015.0,1010.0,984
2,9,컴퓨터 프로그래밍/ 시스템 통합 및 관리업,1064.0,1034.0,1052.0,1057.0,1043
2,9,연구개발업,1106.0,1115.0,1109.0,1151.0,1143
2,9,공공행정/ 국방 및 사회보장 행정,1279.0,1281.0,1281.0,1346.0,1354
2,9,교육 서비스업,1227.0,1250.0,1216.0,1284.0,1287
2,10,숙박업,1016.0,1016.0,1031.0,1027.0,983
2,10,컴퓨터 프로그래밍/ 시스템 통합 및 관리업,1116.0,1070.0,1063.0,1098.0,1103
2,10,연구개발업,1249.0,1241.0,1220.0,1270.0,1252
2,10,공공행정/ 국방 및 사회보장 행정,1352.0,1358.0,1354.0,1424.0,1434
2,10,교육 서비스업,1497.0,1514.0,1478.0,1594.0,1596
2,11,숙박업,1028.0,1025.0,1049.0,1044.0,990
2,11,컴퓨터 프로그래밍/ 시스템 통합 및 관리업,1120.0,1078.0,1071.0,1101.0,1112
2,11,연구개발업,1273.0,1259.0,1235.0,1274.0,1247
2,11,공공행정/ 국방 및 사회보장 행정,1321.0,1328.0,1322.0,1380.0,1384
2,11,교육 서비스업,1508.0,1521.0,1483.0,1597.0,1602
2,12,숙박업,1018.0,1015.0,1033.0,1033.0,976
2,12,컴퓨터 프로그래밍/ 시스템 통합 및 관리업,1115.0,1077.0,1071.0,1093.0,1105
2,12,연구개발업,1247.0,1230.0,1209.0,1244.0,1214
2,12,공공행정/ 국방 및 사회보장 행정,1255.0,1262.0,1254.0,1298.0,1301
2,12,교육 서비스업,1458.0,1466.0,1421.0,1528.0,1532
2,13,숙박업,1001.0,1004.0,1016.0,1021.0,971
2,13,컴퓨터 프로그래밍/ 시스템 통합 및 관리업,1097.0,1067.0,1061.0,1079.0,1091
2,13,연구개발업,1194.0,1184.0,1163.0,1206.0,1186
2,13,공공행정/ 국방 및 사회보장 행정,1167.0,1180.0,1173.0,1207.0,1220
2,13,교육 서비스업,1324.0,1342.0,1293.0,1397.0,1436
2,14,숙박업,992.0,995.0,1006.0,1011.0,964
2,14,컴퓨터 프로그래밍/ 시스템 통합 및 관리업,1100.0,1069.0,1066.0,1085.0,1092
2,14,연구개발업,1206.0,1193.0,1169.0,1220.0,1191
2,14,공공행정/ 국방 및 사회보장 행정,1186.0,1195.0,1179.0,1224.0,1227
2,14,교육 서비스업,1307.0,1325.0,1278.0,1378.0,1407
2,15,숙박업,990.0,990.0,1005.0,1002.0,963
2,15,컴퓨터 프로그래밍/ 시스템 통합 및 관리업,1095.0,1067.0,1062.0,1080.0,1089
2,15,연구개발업,1199.0,1187.0,1163.0,1210.0,1185
2,15,공공행정/ 국방 및 사회보장 행정,1158.0,1168.0,1151.0,1188.0,1191
2,15,교육 서비스업,1275.0,1288.0,1250.0,1330.0,1359
2,16,숙박업,995.0,997.0,1015.0,1001.0,972
2,16,컴퓨터 프로그래밍/ 시스템 통합 및 관리업,1088.0,1064.0,1056.0,1074.0,1082
2,16,연구개발업,1187.0,1175.0,1154.0,1197.0,1173
2,16,공공행정/ 국방 및 사회보장 행정,1144.0,1152.0,1135.0,1167.0,1171
2,16,교육 서비스업,1223.0,1230.0,1199.0,1259.0,1283
2,17,숙박업,1013.0,1018.0,1033.0,1020.0,997
2,17,컴퓨터 프로그래밍/ 시스템 통합 및 관리업,1083.0,1060.0,1052.0,1070.0,1077
2,17,연구개발업,1180.0,1162.0,1145.0,1182.0,1160
2,17,공공행정/ 국방 및 사회보장 행정,1143.0,1147.0,1134.0,1161.0,1163
2,17,교육 서비스업,1112.0,1109.0,1095.0,1125.0,1132
2,18,숙박업,1050.0,1044.0,1067.0,1054.0,1042
2,18,컴퓨터 프로그래밍/ 시스템 통합 및 관리업,1081.0,1061.0,1046.0,1061.0,1068
2,18,연구개발업,1140.0,1132.0,1107.0,1116.0,1089
2,18,공공행정/ 국방 및 사회보장 행정,1120.0,1117.0,1105.0,1120.0,1125
2,18,교육 서비스업,940.0,928.0,938.0,929.0,928
2,19,숙박업,1094.0,1084.0,1100.0,1087.0,1095
2,19,컴퓨터 프로그래밍/ 시스템 통합 및 관리업,1033.0,1022.0,1006.0,1015.0,1019
2,19,연구개발업,1040.0,1030.0,1026.0,999.0,983
2,19,공공행정/ 국방 및 사회보장 행정,1038.0,1020.0,1016.0,998.0,990
2,19,교육 서비스업,858.0,843.0,864.0,833.0,824
2,20,숙박업,1093.0,1081.0,1093.0,1085.0,1106
2,20,컴퓨터 프로그래밍/ 시스템 통합 및 관리업,1006.0,1003.0,986.0,994.0,992
2,20,연구개발업,976.0,968.0,973.0,930.0,923
2,20,공공행정/ 국방 및 사회보장 행정,985.0,965.0,961.0,931.0,922
2,20,교육 서비스업,826.0,812.0,841.0,795.0,772
2,21,숙박업,1076.0,1067.0,1078.0,1066.0,1098
2,21,컴퓨터 프로그래밍/ 시스템 통합 및 관리업,985.0,990.0,975.0,980.0,976
2,21,연구개발업,937.0,936.0,936.0,896.0,901
2,21,공공행정/ 국방 및 사회보장 행정,933.0,914.0,916.0,882.0,871
2,21,교육 서비스업,797.0,785.0,816.0,762.0,736
2,22,숙박업,1050.0,1041.0,1050.0,1040.0,1082
2,22,컴퓨터 프로그래밍/ 시스템 통합 및 관리업,955.0,972.0,954.0,959.0,954
2,22,연구개발업,895.0,894.0,901.0,861.0,862
2,22,공공행정/ 국방 및 사회보장 행정,864.0,849.0,859.0,826.0,815
2,22,교육 서비스업,762.0,749.0,778.0,722.0,698
2,23,숙박업,1044.0,1027.0,1023.0,1020.0,1079
2,23,컴퓨터 프로그래밍/ 시스템 통합 및 관리업,927.0,957.0,939.0,943.0,937
2,23,연구개발업,842.0,842.0,861.0,815.0,818
2,23,공공행정/ 국방 및 사회보장 행정,801.0,792.0,804.0,768.0,763
2,23,교육 서비스업,741.0,726.0,756.0,699.0,686
2,24,숙박업,1080.0,1060.0,1047.0,1044.0,1104
2,24,컴퓨터 프로그래밍/ 시스템 통합 및 관리업,913.0,931.0,952.0,932.0,925
2,24,연구개발업,815.0,820.0,839.0,807.0,830
2,24,공공행정/ 국방 및 사회보장 행정,771.0,766.0,777.0,740.0,738
2,24,교육 서비스업,783.0,762.0,794.0,726.0,719
3,1,숙박업,1028.0,1019.0,1005.0,1009.0,1036
3,1,컴퓨터 프로그래밍/ 시스템 통합 및 관리업,918.0,953.0,951.0,931.0,930
3,1,연구개발업,821.0,839.0,853.0,824.0,843
3,1,공공행정/ 국방 및 사회보장 행정,777.0,789.0,796.0,764.0,763
3,1,교육 서비스업,744.0,749.0,753.0,814.0,684
3,2,숙박업,960.0,949.0,936.0,951.0,970
3,2,컴퓨터 프로그래밍/ 시스템 통합 및 관리업,911.0,949.0,946.0,927.0,926
3,2,연구개발업,810.0,832.0,844.0,815.0,836
3,2,공공행정/ 국방 및 사회보장 행정,765.0,777.0,782.0,753.0,751
3,2,교육 서비스업,720.0,725.0,728.0,805.0,664
3,3,숙박업,903.0,895.0,884.0,910.0,923
3,3,컴퓨터 프로그래밍/ 시스템 통합 및 관리업,907.0,945.0,943.0,923.0,922
3,3,연구개발업,804.0,826.0,838.0,813.0,837
3,3,공공행정/ 국방 및 사회보장 행정,757.0,769.0,773.0,746.0,745
3,3,교육 서비스업,695.0,700.0,706.0,792.0,642
3,4,숙박업,867.0,861.0,854.0,884.0,897
3,4,컴퓨터 프로그래밍/ 시스템 통합 및 관리업,902.0,942.0,941.0,921.0,919
3,4,연구개발업,800.0,823.0,835.0,813.0,835
3,4,공공행정/ 국방 및 사회보장 행정,755.0,767.0,769.0,744.0,744
3,4,교육 서비스업,677.0,682.0,691.0,782.0,630
3,5,숙박업,865.0,865.0,858.0,886.0,901
3,5,컴퓨터 프로그래밍/ 시스템 통합 및 관리업,900.0,942.0,939.0,920.0,919
3,5,연구개발업,802.0,825.0,839.0,817.0,839
3,5,공공행정/ 국방 및 사회보장 행정,768.0,779.0,783.0,753.0,755
3,5,교육 서비스업,680.0,684.0,697.0,785.0,636
3,6,숙박업,906.0,907.0,901.0,922.0,936
3,6,컴퓨터 프로그래밍/ 시스템 통합 및 관리업,906.0,944.0,942.0,926.0,927
3,6,연구개발업,817.0,845.0,859.0,845.0,864
3,6,공공행정/ 국방 및 사회보장 행정,815.0,821.0,828.0,796.0,804
3,6,교육 서비스업,710.0,716.0,726.0,808.0,672
3,7,숙박업,972.0,967.0,964.0,966.0,979
3,7,컴퓨터 프로그래밍/ 시스템 통합 및 관리업,925.0,953.0,955.0,942.0,942
3,7,연구개발업,868.0,892.0,906.0,906.0,925
3,7,공공행정/ 국방 및 사회보장 행정,924.0,925.0,936.0,919.0,931
3,7,교육 서비스업,775.0,780.0,790.0,856.0,758
3,8,숙박업,1010.0,1004.0,1003.0,986.0,995
3,8,컴퓨터 프로그래밍/ 시스템 통합 및 관리업,957.0,973.0,979.0,974.0,964
3,8,연구개발업,959.0,971.0,978.0,1000.0,1016
3,8,공공행정/ 국방 및 사회보장 행정,1089.0,1078.0,1089.0,1117.0,1126
3,8,교육 서비스업,942.0,943.0,952.0,937.0,982
3,9,숙박업,1019.0,1019.0,1023.0,999.0,994
3,9,컴퓨터 프로그래밍/ 시스템 통합 및 관리업,1053.0,1023.0,1034.0,1046.0,1040
3,9,연구개발업,1100.0,1087.0,1088.0,1130.0,1127
3,9,공공행정/ 국방 및 사회보장 행정,1264.0,1242.0,1243.0,1320.0,1331
3,9,교육 서비스업,1387.0,1365.0,1376.0,1195.0,1531
3,10,숙박업,1014.0,1022.0,1030.0,1008.0,986
3,10,컴퓨터 프로그래밍/ 시스템 통합 및 관리업,1094.0,1046.0,1059.0,1076.0,1082
3,10,연구개발업,1217.0,1191.0,1174.0,1219.0,1208
3,10,공공행정/ 국방 및 사회보장 행정,1318.0,1301.0,1294.0,1360.0,1383
3,10,교육 서비스업,1556.0,1534.0,1525.0,1459.0,1721
3,11,숙박업,1021.0,1028.0,1039.0,1026.0,991
3,11,컴퓨터 프로그래밍/ 시스템 통합 및 관리업,1098.0,1051.0,1049.0,1081.0,1083
3,11,연구개발업,1235.0,1206.0,1187.0,1221.0,1204
3,11,공공행정/ 국방 및 사회보장 행정,1280.0,1272.0,1257.0,1308.0,1322
3,11,교육 서비스업,1519.0,1510.0,1490.0,1452.0,1678
3,12,숙박업,1008.0,1016.0,1023.0,1018.0,977
3,12,컴퓨터 프로그래밍/ 시스템 통합 및 관리업,1094.0,1052.0,1048.0,1077.0,1079
3,12,연구개발업,1213.0,1186.0,1166.0,1200.0,1174
3,12,공공행정/ 국방 및 사회보장 행정,1215.0,1212.0,1197.0,1238.0,1239
3,12,교육 서비스업,1473.0,1466.0,1440.0,1404.0,1603
3,13,숙박업,990.0,1005.0,1009.0,1011.0,965
3,13,컴퓨터 프로그래밍/ 시스템 통합 및 관리업,1082.0,1048.0,1042.0,1068.0,1069
3,13,연구개발업,1165.0,1150.0,1126.0,1177.0,1153
3,13,공공행정/ 국방 및 사회보장 행정,1130.0,1140.0,1127.0,1155.0,1149
3,13,교육 서비스업,1378.0,1385.0,1356.0,1303.0,1483
3,14,숙박업,981.0,992.0,999.0,999.0,957
3,14,컴퓨터 프로그래밍/ 시스템 통합 및 관리업,1086.0,1051.0,1047.0,1070.0,1070
3,14,연구개발업,1174.0,1155.0,1139.0,1164.0,1139
3,14,공공행정/ 국방 및 사회보장 행정,1150.0,1156.0,1141.0,1174.0,1161
3,14,교육 서비스업,1354.0,1365.0,1334.0,1290.0,1419
3,15,숙박업,976.0,990.0,994.0,993.0,950
3,15,컴퓨터 프로그래밍/ 시스템 통합 및 관리업,1082.0,1052.0,1044.0,1071.0,1070
3,15,연구개발업,1173.0,1160.0,1142.0,1163.0,1142
3,15,공공행정/ 국방 및 사회보장 행정,1126.0,1131.0,1118.0,1143.0,1134
3,15,교육 서비스업,1291.0,1302.0,1274.0,1260.0,1348
3,16,숙박업,977.0,991.0,996.0,993.0,953
3,16,컴퓨터 프로그래밍/ 시스템 통합 및 관리업,1074.0,1049.0,1041.0,1067.0,1066
3,16,연구개발업,1162.0,1152.0,1139.0,1160.0,1138
3,16,공공행정/ 국방 및 사회보장 행정,1114.0,1118.0,1109.0,1129.0,1121
3,16,교육 서비스업,1233.0,1238.0,1218.0,1216.0,1255
3,17,숙박업,994.0,1002.0,1012.0,1007.0,972
3,17,컴퓨터 프로그래밍/ 시스템 통합 및 관리업,1073.0,1046.0,1040.0,1063.0,1062
3,17,연구개발업,1155.0,1140.0,1132.0,1158.0,1136
3,17,공공행정/ 국방 및 사회보장 행정,1117.0,1107.0,1112.0,1128.0,1122
3,17,교육 서비스업,1115.0,1099.0,1106.0,1109.0,1090
3,18,숙박업,1036.0,1040.0,1049.0,1036.0,1015
3,18,컴퓨터 프로그래밍/ 시스템 통합 및 관리업,1072.0,1049.0,1055.0,1054.0,1057
3,18,연구개발업,1126.0,1118.0,1102.0,1121.0,1104
3,18,공공행정/ 국방 및 사회보장 행정,1103.0,1103.0,1095.0,1108.0,1103
3,18,교육 서비스업,958.0,967.0,958.0,936.0,900
3,19,숙박업,1078.0,1076.0,1082.0,1069.0,1075
3,19,컴퓨터 프로그래밍/ 시스템 통합 및 관리업,1027.0,1019.0,1025.0,1013.0,1021
3,19,연구개발업,1038.0,1032.0,1034.0,1018.0,1009
3,19,공공행정/ 국방 및 사회보장 행정,1034.0,1027.0,1028.0,1006.0,1004
3,19,교육 서비스업,893.0,891.0,900.0,847.0,817
3,20,숙박업,1096.0,1093.0,1098.0,1087.0,1117
3,20,컴퓨터 프로그래밍/ 시스템 통합 및 관리업,1008.0,1006.0,1011.0,996.0,1000
3,20,연구개발업,988.0,985.0,990.0,958.0,957
3,20,공공행정/ 국방 및 사회보장 행정,1009.0,1000.0,998.0,958.0,963
3,20,교육 서비스업,865.0,861.0,873.0,816.0,770
3,21,숙박업,1081.0,1079.0,1084.0,1065.0,1112
3,21,컴퓨터 프로그래밍/ 시스템 통합 및 관리업,993.0,996.0,1000.0,985.0,986
3,21,연구개발업,952.0,951.0,955.0,915.0,920
3,21,공공행정/ 국방 및 사회보장 행정,963.0,956.0,958.0,914.0,915
3,21,교육 서비스업,815.0,815.0,828.0,789.0,722
3,22,숙박업,1057.0,1054.0,1058.0,1046.0,1100
3,22,컴퓨터 프로그래밍/ 시스템 통합 및 관리업,967.0,980.0,981.0,967.0,970
3,22,연구개발업,913.0,916.0,923.0,878.0,890
3,22,공공행정/ 국방 및 사회보장 행정,897.0,895.0,905.0,868.0,861
3,22,교육 서비스업,757.0,762.0,775.0,767.0,675
3,23,숙박업,1059.0,1045.0,1039.0,1048.0,1091
3,23,컴퓨터 프로그래밍/ 시스템 통합 및 관리업,942.0,970.0,968.0,953.0,954
3,23,연구개발업,868.0,873.0,885.0,845.0,855
3,23,공공행정/ 국방 및 사회보장 행정,832.0,832.0,845.0,814.0,802
3,23,교육 서비스업,715.0,719.0,738.0,768.0,647
3,24,숙박업,1102.0,1079.0,1062.0,1082.0,1108
3,24,컴퓨터 프로그래밍/ 시스템 통합 및 관리업,931.0,960.0,959.0,948.0,942
3,24,연구개발업,839.0,849.0,866.0,838.0,849
3,24,공공행정/ 국방 및 사회보장 행정,797.0,802.0,817.0,785.0,773
3,24,교육 서비스업,749.0,746.0,768.0,810.0,672
4,1,숙박업,1004.0,986.0,979.0,1008.0,999
4,1,컴퓨터 프로그래밍/ 시스템 통합 및 관리업,1071.0,961.0,950.0,938.0,927
4,1,연구개발업,1160.0,865.0,858.0,849.0,873
4,1,공공행정/ 국방 및 사회보장 행정,1223.0,811.0,803.0,792.0,791
4,1,교육 서비스업,1258.0,763.0,751.0,741.0,717
4,2,숙박업,1000.0,912.0,905.0,944.0,929
4,2,컴퓨터 프로그래밍/ 시스템 통합 및 관리업,1000.0,957.0,946.0,933.0,924
4,2,연구개발업,1000.0,858.0,849.0,841.0,864
4,2,공공행정/ 국방 및 사회보장 행정,1000.0,794.0,789.0,780.0,776
4,2,교육 서비스업,1000.0,728.0,719.0,727.0,686
4,3,숙박업,924.0,856.0,854.0,898.0,879
4,3,컴퓨터 프로그래밍/ 시스템 통합 및 관리업,995.0,954.0,943.0,929.0,920
4,3,연구개발업,986.0,851.0,842.0,838.0,865
4,3,공공행정/ 국방 및 사회보장 행정,981.0,787.0,780.0,773.0,770
4,3,교육 서비스업,952.0,700.0,692.0,711.0,665
4,4,숙박업,867.0,828.0,828.0,875.0,857
4,4,컴퓨터 프로그래밍/ 시스템 통합 및 관리업,990.0,951.0,941.0,927.0,937
4,4,연구개발업,978.0,846.0,839.0,838.0,863
4,4,공공행정/ 국방 및 사회보장 행정,971.0,786.0,778.0,773.0,771
4,4,교육 서비스업,910.0,682.0,676.0,702.0,651
4,5,숙박업,836.0,836.0,836.0,878.0,865
4,5,컴퓨터 프로그래밍/ 시스템 통합 및 관리업,985.0,950.0,938.0,926.0,936
4,5,연구개발업,973.0,844.0,841.0,840.0,866
4,5,공공행정/ 국방 및 사회보장 행정,967.0,796.0,790.0,781.0,780
4,5,교육 서비스업,882.0,680.0,675.0,706.0,653
4,6,숙박업,841.0,880.0,884.0,911.0,901
4,6,컴퓨터 프로그래밍/ 시스템 통합 및 관리업,983.0,952.0,940.0,931.0,938
4,6,연구개발업,972.0,856.0,857.0,862.0,881
4,6,공공행정/ 국방 및 사회보장 행정,980.0,829.0,829.0,818.0,816
4,6,교육 서비스업,877.0,705.0,702.0,729.0,681
4,7,숙박업,886.0,934.0,946.0,943.0,940
4,7,컴퓨터 프로그래밍/ 시스템 통합 및 관리업,988.0,958.0,950.0,942.0,965
4,7,연구개발업,981.0,893.0,899.0,913.0,923
4,7,공공행정/ 국방 및 사회보장 행정,1020.0,905.0,917.0,915.0,902
4,7,교육 서비스업,905.0,761.0,764.0,778.0,755
4,8,숙박업,947.0,977.0,987.0,961.0,962
4,8,컴퓨터 프로그래밍/ 시스템 통합 및 관리업,1001.0,973.0,972.0,964.0,978
4,8,연구개발업,1020.0,943.0,957.0,980.0,978
4,8,공공행정/ 국방 및 사회보장 행정,1110.0,1019.0,1047.0,1073.0,1037
4,8,교육 서비스업,972.0,892.0,918.0,867.0,936
4,9,숙박업,988.0,1000.0,1011.0,975.0,977
4,9,컴퓨터 프로그래밍/ 시스템 통합 및 관리업,1024.0,1008.0,1023.0,1030.0,1014
4,9,연구개발업,1077.0,1025.0,1045.0,1080.0,1054
4,9,공공행정/ 국방 및 사회보장 행정,1249.0,1140.0,1179.0,1236.0,1187
4,9,교육 서비스업,1129.0,1207.0,1287.0,1270.0,1335
4,10,숙박업,1009.0,1023.0,1026.0,994.0,989
4,10,컴퓨터 프로그래밍/ 시스템 통합 및 관리업,1101.0,1029.0,1047.0,1064.0,1034
4,10,연구개발업,1176.0,1114.0,1132.0,1161.0,1128
4,10,공공행정/ 국방 및 사회보장 행정,1395.0,1203.0,1239.0,1290.0,1253
4,10,교육 서비스업,1506.0,1356.0,1435.0,1590.0,1500
4,11,숙박업,1023.0,1042.0,1045.0,1023.0,1006
4,11,컴퓨터 프로그래밍/ 시스템 통합 및 관리업,1132.0,1038.0,1055.0,1071.0,1036
4,11,연구개발업,1289.0,1144.0,1165.0,1174.0,1139
4,11,공공행정/ 국방 및 사회보장 행정,1462.0,1199.0,1224.0,1257.0,1231
4,11,교육 서비스업,1677.0,1381.0,1441.0,1576.0,1517
4,12,숙박업,1042.0,1035.0,1036.0,1019.0,1000
4,12,컴퓨터 프로그래밍/ 시스템 통합 및 관리업,1141.0,1041.0,1045.0,1069.0,1034
4,12,연구개발업,1338.0,1144.0,1163.0,1164.0,1136
4,12,공공행정/ 국방 및 사회보장 행정,1450.0,1166.0,1183.0,1201.0,1189
4,12,교육 서비스업,1703.0,1373.0,1420.0,1533.0,1489
4,13,숙박업,1036.0,1033.0,1029.0,1013.0,996
4,13,컴퓨터 프로그래밍/ 시스템 통합 및 관리업,1146.0,1038.0,1045.0,1061.0,1034
4,13,연구개발업,1343.0,1131.0,1129.0,1153.0,1137
4,13,공공행정/ 국방 및 사회보장 행정,1409.0,1117.0,1127.0,1126.0,1131
4,13,교육 서비스업,1693.0,1337.0,1371.0,1420.0,1434
4,14,숙박업,1029.0,1031.0,1029.0,1008.0,1000
4,14,컴퓨터 프로그래밍/ 시스템 통합 및 관리업,1145.0,1045.0,1051.0,1069.0,1033
4,14,연구개발업,1316.0,1144.0,1149.0,1147.0,1136
4,14,공공행정/ 국방 및 사회보장 행정,1349.0,1149.0,1155.0,1160.0,1169
4,14,교육 서비스업,1647.0,1366.0,1380.0,1386.0,1430
4,15,숙박업,1031.0,1032.0,1027.0,1007.0,998
4,15,컴퓨터 프로그래밍/ 시스템 통합 및 관리업,1153.0,1049.0,1050.0,1070.0,1058
4,15,연구개발업,1339.0,1156.0,1163.0,1155.0,1143
4,15,공공행정/ 국방 및 사회보장 행정,1388.0,1139.0,1139.0,1141.0,1158
4,15,교육 서비스업,1685.0,1331.0,1329.0,1343.0,1385
4,16,숙박업,1030.0,1032.0,1026.0,1006.0,1001
4,16,컴퓨터 프로그래밍/ 시스템 통합 및 관리업,1151.0,1046.0,1048.0,1065.0,1059
4,16,연구개발업,1351.0,1154.0,1161.0,1159.0,1149
4,16,공공행정/ 국방 및 사회보장 행정,1377.0,1136.0,1131.0,1131.0,1153
4,16,교육 서비스업,1646.0,1278.0,1264.0,1277.0,1299
4,17,숙박업,1026.0,1039.0,1037.0,1017.0,1013
4,17,컴퓨터 프로그래밍/ 시스템 통합 및 관리업,1147.0,1042.0,1056.0,1064.0,1059
4,17,연구개발업,1351.0,1144.0,1149.0,1157.0,1138
4,17,공공행정/ 국방 및 사회보장 행정,1373.0,1134.0,1131.0,1132.0,1155
4,17,교육 서비스업,1583.0,1162.0,1139.0,1125.0,1140
4,18,숙박업,1034.0,1065.0,1065.0,1038.0,1043
4,18,컴퓨터 프로그래밍/ 시스템 통합 및 관리업,1145.0,1043.0,1057.0,1058.0,1055
4,18,연구개발업,1341.0,1125.0,1112.0,1121.0,1111
4,18,공공행정/ 국방 및 사회보장 행정,1378.0,1123.0,1112.0,1115.0,1137
4,18,교육 서비스업,1451.0,1022.0,986.0,904.0,963
4,19,숙박업,1058.0,1082.0,1081.0,1058.0,1078
4,19,컴퓨터 프로그래밍/ 시스템 통합 및 관리업,1144.0,1018.0,1024.0,1017.0,1035
4,19,연구개발업,1310.0,1052.0,1040.0,1028.0,1025
4,19,공공행정/ 국방 및 사회보장 행정,1367.0,1058.0,1037.0,1016.0,1041
4,19,교육 서비스업,1278.0,964.0,927.0,816.0,889
4,20,숙박업,1078.0,1110.0,1110.0,1100.0,1132
4,20,컴퓨터 프로그래밍/ 시스템 통합 및 관리업,1101.0,1007.0,1010.0,1003.0,1015
4,20,연구개발업,1224.0,1011.0,994.0,975.0,977
4,20,공공행정/ 국방 및 사회보장 행정,1303.0,1044.0,1014.0,982.0,1010
4,20,교육 서비스업,1207.0,947.0,907.0,795.0,853
4,21,숙박업,1110.0,1094.0,1094.0,1086.0,1129
4,21,컴퓨터 프로그래밍/ 시스템 통합 및 관리업,1085.0,1001.0,1000.0,990.0,1012
4,21,연구개발업,1177.0,978.0,960.0,936.0,944
4,21,공공행정/ 국방 및 사회보장 행정,1291.0,1011.0,982.0,947.0,970
4,21,교육 서비스업,1193.0,909.0,867.0,771.0,808
4,22,숙박업,1099.0,1068.0,1068.0,1069.0,1113
4,22,컴퓨터 프로그래밍/ 시스템 통합 및 관리업,1072.0,988.0,982.0,972.0,1005
4,22,연구개발업,1138.0,941.0,929.0,899.0,914
4,22,공공행정/ 국방 및 사회보장 행정,1254.0,946.0,929.0,902.0,915
4,22,교육 서비스업,1149.0,860.0,815.0,747.0,762
4,23,숙박업,1072.0,1046.0,1043.0,1070.0,1097
4,23,컴퓨터 프로그래밍/ 시스템 통합 및 관리업,1047.0,978.0,968.0,960.0,997
4,23,연구개발업,1095.0,900.0,891.0,866.0,880
4,23,공공행정/ 국방 및 사회보장 행정,1174.0,872.0,860.0,845.0,848
4,23,교육 서비스업,1089.0,805.0,766.0,735.0,726
4,24,숙박업,1058.0,1058.0,1052.0,1101.0,1096
4,24,컴퓨터 프로그래밍/ 시스템 통합 및 관리업,1024.0,970.0,958.0,949.0,996
4,24,연구개발업,1046.0,881.0,874.0,863.0,879
4,24,공공행정/ 국방 및 사회보장 행정,1079.0,835.0,824.0,814.0,812
4,24,교육 서비스업,1026.0,794.0,769.0,750.0,726
5,1,숙박업,846.0,934.0,907.0,917.0,947
5,1,컴퓨터 프로그래밍/ 시스템 통합 및 관리업,917.0,956.0,940.0,937.0,974
5,1,연구개발업,845.0,872.0,871.0,867.0,863
5,1,공공행정/ 국방 및 사회보장 행정,777.0,803.0,796.0,793.0,778
5,1,교육 서비스업,675.0,709.0,704.0,769.0,688
5,2,숙박업,793.0,863.0,840.0,862.0,879
5,2,컴퓨터 프로그래밍/ 시스템 통합 및 관리업,914.0,952.0,941.0,932.0,972
5,2,연구개발업,834.0,860.0,857.0,853.0,854
5,2,공공행정/ 국방 및 사회보장 행정,764.0,780.0,776.0,777.0,762
5,2,교육 서비스업,651.0,674.0,670.0,747.0,660
5,3,숙박업,762.0,809.0,792.0,822.0,835
5,3,컴퓨터 프로그래밍/ 시스템 통합 및 관리업,910.0,949.0,942.0,928.0,971
5,3,연구개발업,827.0,851.0,847.0,848.0,853
5,3,공공행정/ 국방 및 사회보장 행정,758.0,768.0,763.0,767.0,753
5,3,교육 서비스업,636.0,649.0,646.0,732.0,641
5,4,숙박업,767.0,779.0,766.0,800.0,814
5,4,컴퓨터 프로그래밍/ 시스템 통합 및 관리업,909.0,946.0,930.0,925.0,974
5,4,연구개발업,822.0,843.0,840.0,842.0,850
5,4,공공행정/ 국방 및 사회보장 행정,761.0,763.0,758.0,763.0,750
5,4,교육 서비스업,631.0,633.0,630.0,724.0,630
5,5,숙박업,807.0,781.0,768.0,802.0,818
5,5,컴퓨터 프로그래밍/ 시스템 통합 및 관리업,912.0,945.0,929.0,924.0,973
5,5,연구개발업,821.0,835.0,836.0,838.0,849
5,5,공공행정/ 국방 및 사회보장 행정,776.0,768.0,765.0,768.0,756
5,5,교육 서비스업,644.0,628.0,626.0,723.0,630
5,6,숙박업,876.0,819.0,812.0,835.0,847
5,6,컴퓨터 프로그래밍/ 시스템 통합 및 관리업,924.0,946.0,933.0,927.0,974
5,6,연구개발업,845.0,840.0,843.0,847.0,858
5,6,공공행정/ 국방 및 사회보장 행정,844.0,785.0,783.0,782.0,774
5,6,교육 서비스업,691.0,643.0,642.0,734.0,648
5,7,숙박업,941.0,882.0,880.0,885.0,893
5,7,컴퓨터 프로그래밍/ 시스템 통합 및 관리업,946.0,954.0,931.0,939.0,979
5,7,연구개발업,888.0,874.0,872.0,891.0,894
5,7,공공행정/ 국방 및 사회보장 행정,951.0,853.0,852.0,852.0,849
5,7,교육 서비스업,805.0,695.0,692.0,770.0,707
5,8,숙박업,1001.0,942.0,941.0,928.0,934
5,8,컴퓨터 프로그래밍/ 시스템 통합 및 관리업,1019.0,967.0,948.0,959.0,986
5,8,연구개발업,983.0,919.0,917.0,937.0,944
5,8,공공행정/ 국방 및 사회보장 행정,1075.0,962.0,958.0,968.0,973
5,8,교육 서비스업,1080.0,817.0,814.0,851.0,860
5,9,숙박업,1051.0,996.0,1001.0,976.0,978
5,9,컴퓨터 프로그래밍/ 시스템 통합 및 관리업,1057.0,1010.0,1001.0,1016.0,998
5,9,연구개발업,1095.0,1000.0,998.0,1015.0,1026
5,9,공공행정/ 국방 및 사회보장 행정,1152.0,1087.0,1082.0,1110.0,1126
5,9,교육 서비스업,1275.0,1113.0,1112.0,1111.0,1201
5,10,숙박업,1092.0,1040.0,1049.0,1032.0,1018
5,10,컴퓨터 프로그래밍/ 시스템 통합 및 관리업,1071.0,1031.0,1036.0,1048.0,1010
5,10,연구개발업,1153.0,1095.0,1098.0,1107.0,1116
5,10,공공행정/ 국방 및 사회보장 행정,1175.0,1167.0,1164.0,1191.0,1218
5,10,교육 서비스업,1353.0,1311.0,1316.0,1315.0,1410
5,11,숙박업,1102.0,1075.0,1091.0,1083.0,1055
5,11,컴퓨터 프로그래밍/ 시스템 통합 및 관리업,1071.0,1041.0,1057.0,1060.0,1021
5,11,연구개발업,1167.0,1138.0,1149.0,1143.0,1146
5,11,공공행정/ 국방 및 사회보장 행정,1169.0,1186.0,1188.0,1203.0,1226
5,11,교육 서비스업,1386.0,1383.0,1393.0,1380.0,1478
5,12,숙박업,1104.0,1082.0,1102.0,1090.0,1053
5,12,컴퓨터 프로그래밍/ 시스템 통합 및 관리업,1074.0,1046.0,1059.0,1066.0,1027
5,12,연구개발업,1158.0,1147.0,1161.0,1147.0,1151
5,12,공공행정/ 국방 및 사회보장 행정,1149.0,1177.0,1181.0,1186.0,1206
5,12,교육 서비스업,1383.0,1409.0,1423.0,1388.0,1485
5,13,숙박업,1113.0,1090.0,1106.0,1096.0,1055
5,13,컴퓨터 프로그래밍/ 시스템 통합 및 관리업,1089.0,1046.0,1054.0,1065.0,1029
5,13,연구개발업,1189.0,1145.0,1146.0,1157.0,1157
5,13,공공행정/ 국방 및 사회보장 행정,1199.0,1154.0,1156.0,1146.0,1167
5,13,교육 서비스업,1481.0,1406.0,1425.0,1344.0,1474
5,14,숙박업,1112.0,1094.0,1116.0,1103.0,1060
5,14,컴퓨터 프로그래밍/ 시스템 통합 및 관리업,1091.0,1053.0,1070.0,1077.0,1024
5,14,연구개발업,1208.0,1170.0,1182.0,1164.0,1168
5,14,공공행정/ 국방 및 사회보장 행정,1205.0,1199.0,1212.0,1204.0,1216
5,14,교육 서비스업,1467.0,1498.0,1529.0,1372.0,1523
5,15,숙박업,1105.0,1097.0,1116.0,1106.0,1059
5,15,컴퓨터 프로그래밍/ 시스템 통합 및 관리업,1092.0,1055.0,1077.0,1083.0,1028
5,15,연구개발업,1209.0,1188.0,1201.0,1190.0,1181
5,15,공공행정/ 국방 및 사회보장 행정,1205.0,1199.0,1218.0,1209.0,1213
5,15,교육 서비스업,1402.0,1469.0,1498.0,1363.0,1486
5,16,숙박업,1107.0,1095.0,1113.0,1105.0,1063
5,16,컴퓨터 프로그래밍/ 시스템 통합 및 관리업,1089.0,1052.0,1081.0,1080.0,1029
5,16,연구개발업,1199.0,1189.0,1204.0,1201.0,1181
5,16,공공행정/ 국방 및 사회보장 행정,1203.0,1199.0,1218.0,1214.0,1210
5,16,교육 서비스업,1271.0,1395.0,1409.0,1313.0,1385
5,17,숙박업,1118.0,1097.0,1113.0,1106.0,1072
5,17,컴퓨터 프로그래밍/ 시스템 통합 및 관리업,1083.0,1055.0,1067.0,1075.0,1027
5,17,연구개발업,1161.0,1193.0,1188.0,1190.0,1171
5,17,공공행정/ 국방 및 사회보장 행정,1177.0,1207.0,1214.0,1214.0,1209
5,17,교육 서비스업,1108.0,1274.0,1254.0,1201.0,1214
5,18,숙박업,1110.0,1113.0,1124.0,1111.0,1085
5,18,컴퓨터 프로그래밍/ 시스템 통합 및 관리업,1031.0,1048.0,1063.0,1066.0,1027
5,18,연구개발업,1065.0,1135.0,1139.0,1140.0,1128
5,18,공공행정/ 국방 및 사회보장 행정,1099.0,1155.0,1177.0,1181.0,1177
5,18,교육 서비스업,1018.0,1070.0,1076.0,1022.0,1023
5,19,숙박업,1117.0,1110.0,1112.0,1098.0,1090
5,19,컴퓨터 프로그래밍/ 시스템 통합 및 관리업,1015.0,1021.0,1026.0,1020.0,1013
5,19,연구개발업,1009.0,1057.0,1048.0,1034.0,1029
5,19,공공행정/ 국방 및 사회보장 행정,1060.0,1081.0,1076.0,1062.0,1060
5,19,교육 서비스업,980.0,997.0,986.0,930.0,929
5,20,숙박업,1102.0,1119.0,1117.0,1109.0,1123
5,20,컴퓨터 프로그래밍/ 시스템 통합 및 관리업,1000.0,1006.0,1014.0,1003.0,1003
5,20,연구개발업,971.0,1003.0,987.0,979.0,975
5,20,공공행정/ 국방 및 사회보장 행정,1037.0,1043.0,1028.0,1009.0,1011
5,20,교육 서비스업,939.0,955.0,941.0,896.0,878
5,21,숙박업,1057.0,1100.0,1093.0,1082.0,1119
5,21,컴퓨터 프로그래밍/ 시스템 통합 및 관리업,974.0,997.0,992.0,991.0,997
5,21,연구개발업,926.0,965.0,951.0,942.0,941
5,21,공공행정/ 국방 및 사회보장 행정,963.0,1018.0,1003.0,982.0,980
5,21,교육 서비스업,871.0,912.0,896.0,874.0,832
5,22,숙박업,1003.0,1059.0,1052.0,1045.0,1097
5,22,컴퓨터 프로그래밍/ 시스템 통합 및 관리업,951.0,983.0,978.0,972.0,991
5,22,연구개발업,880.0,923.0,911.0,906.0,909
5,22,공공행정/ 국방 및 사회보장 행정,874.0,950.0,943.0,931.0,923
5,22,교육 서비스업,790.0,847.0,830.0,839.0,778
5,23,숙박업,997.0,1011.0,999.0,1003.0,1060
5,23,컴퓨터 프로그래밍/ 시스템 통합 및 관리업,937.0,973.0,971.0,959.0,985
5,23,연구개발업,885.0,878.0,872.0,874.0,874
5,23,공공행정/ 국방 및 사회보장 행정,829.0,868.0,864.0,862.0,849
5,23,교육 서비스업,753.0,775.0,759.0,806.0,729
5,24,숙박업,1089.0,1013.0,988.0,1005.0,1046
5,24,컴퓨터 프로그래밍/ 시스템 통합 및 관리업,1054.0,965.0,960.0,949.0,991
5,24,연구개발업,1143.0,882.0,882.0,888.0,881
5,24,공공행정/ 국방 및 사회보장 행정,1144.0,830.0,825.0,825.0,811
5,24,교육 서비스업,1216.0,744.0,730.0,794.0,711
6,1,숙박업,957.0,897.0,885.0,869.0,912
6,1,컴퓨터 프로그래밍/ 시스템 통합 및 관리업,955.0,950.0,939.0,933.0,981
6,1,연구개발업,956.0,861.0,874.0,831.0,847
6,1,공공행정/ 국방 및 사회보장 행정,863.0,768.0,776.0,720.0,728
6,1,교육 서비스업,763.0,634.0,652.0,580.0,580
6,2,숙박업,887.0,830.0,820.0,817.0,850
6,2,컴퓨터 프로그래밍/ 시스템 통합 및 관리업,949.0,946.0,937.0,929.0,981
6,2,연구개발업,937.0,847.0,859.0,816.0,836
6,2,공공행정/ 국방 및 사회보장 행정,838.0,744.0,754.0,701.0,708
6,2,교육 서비스업,723.0,603.0,623.0,555.0,555
6,3,숙박업,831.0,776.0,768.0,776.0,805
6,3,컴퓨터 프로그래밍/ 시스템 통합 및 관리업,946.0,943.0,933.0,924.0,978
6,3,연구개발업,920.0,834.0,845.0,811.0,831
6,3,공공행정/ 국방 및 사회보장 행정,820.0,727.0,738.0,689.0,695
6,3,교육 서비스업,694.0,579.0,602.0,538.0,537
6,4,숙박업,798.0,746.0,739.0,754.0,780
6,4,컴퓨터 프로그래밍/ 시스템 통합 및 관리업,942.0,940.0,928.0,922.0,975
6,4,연구개발업,909.0,826.0,838.0,804.0,824
6,4,공공행정/ 국방 및 사회보장 행정,810.0,718.0,729.0,681.0,687
6,4,교육 서비스업,675.0,564.0,587.0,527.0,527
6,5,숙박업,801.0,745.0,740.0,751.0,778
6,5,컴퓨터 프로그래밍/ 시스템 통합 및 관리업,940.0,939.0,931.0,920.0,974
6,5,연구개발업,901.0,816.0,835.0,802.0,820
6,5,공공행정/ 국방 및 사회보장 행정,806.0,715.0,729.0,678.0,685
6,5,교육 서비스업,665.0,557.0,581.0,523.0,523
6,6,숙박업,841.0,779.0,781.0,783.0,808
6,6,컴퓨터 프로그래밍/ 시스템 통합 및 관리업,944.0,940.0,928.0,925.0,975
6,6,연구개발업,899.0,820.0,842.0,810.0,829
6,6,공공행정/ 국방 및 사회보장 행정,816.0,726.0,738.0,689.0,697
6,6,교육 서비스업,678.0,568.0,592.0,536.0,537
6,7,숙박업,926.0,847.0,857.0,846.0,864
6,7,컴퓨터 프로그래밍/ 시스템 통합 및 관리업,960.0,949.0,937.0,939.0,982
6,7,연구개발업,931.0,852.0,870.0,854.0,870
6,7,공공행정/ 국방 및 사회보장 행정,898.0,794.0,803.0,768.0,774
6,7,교육 서비스업,734.0,613.0,636.0,585.0,589
6,8,숙박업,1010.0,925.0,930.0,915.0,925
6,8,컴퓨터 프로그래밍/ 시스템 통합 및 관리업,986.0,964.0,955.0,961.0,990
6,8,연구개발업,994.0,902.0,913.0,920.0,930
6,8,공공행정/ 국방 및 사회보장 행정,1042.0,917.0,921.0,926.0,920
6,8,교육 서비스업,895.0,749.0,763.0,756.0,763
6,9,숙박업,1091.0,999.0,1009.0,988.0,988
6,9,컴퓨터 프로그래밍/ 시스템 통합 및 관리업,1087.0,1014.0,1015.0,1024.0,1006
6,9,연구개발업,1136.0,1000.0,998.0,1040.0,1042
6,9,공공행정/ 국방 및 사회보장 행정,1227.0,1072.0,1065.0,1133.0,1116
6,9,교육 서비스업,1315.0,1109.0,1101.0,1221.0,1217
6,10,숙박업,1160.0,1058.0,1074.0,1057.0,1037
6,10,컴퓨터 프로그래밍/ 시스템 통합 및 관리업,1133.0,1036.0,1040.0,1059.0,1019
6,10,연구개발업,1293.0,1113.0,1093.0,1161.0,1146
6,10,공공행정/ 국방 및 사회보장 행정,1361.0,1187.0,1175.0,1271.0,1255
6,10,교육 서비스업,1671.0,1398.0,1373.0,1562.0,1548
6,11,숙박업,1212.0,1108.0,1123.0,1118.0,1080
6,11,컴퓨터 프로그래밍/ 시스템 통합 및 관리업,1149.0,1048.0,1050.0,1071.0,1027
6,11,연구개발업,1364.0,1164.0,1150.0,1206.0,1184
6,11,공공행정/ 국방 및 사회보장 행정,1413.0,1231.0,1218.0,1306.0,1290
6,11,교육 서비스업,1806.0,1495.0,1465.0,1663.0,1640
6,12,숙박업,1229.0,1120.0,1133.0,1134.0,1087
6,12,컴퓨터 프로그래밍/ 시스템 통합 및 관리업,1156.0,1053.0,1060.0,1076.0,1025
6,12,연구개발업,1383.0,1178.0,1161.0,1214.0,1196
6,12,공공행정/ 국방 및 사회보장 행정,1415.0,1231.0,1220.0,1297.0,1286
6,12,교육 서비스업,1885.0,1547.0,1513.0,1697.0,1672
6,13,숙박업,1238.0,1129.0,1135.0,1144.0,1094
6,13,컴퓨터 프로그래밍/ 시스템 통합 및 관리업,1155.0,1052.0,1065.0,1074.0,1027
6,13,연구개발업,1375.0,1178.0,1149.0,1217.0,1205
6,13,공공행정/ 국방 및 사회보장 행정,1401.0,1223.0,1211.0,1266.0,1264
6,13,교육 서비스업,1884.0,1545.0,1519.0,1699.0,1695
6,14,숙박업,1251.0,1135.0,1144.0,1153.0,1100
6,14,컴퓨터 프로그래밍/ 시스템 통합 및 관리업,1169.0,1060.0,1070.0,1085.0,1025
6,14,연구개발업,1425.0,1209.0,1184.0,1234.0,1221
6,14,공공행정/ 국방 및 사회보장 행정,1482.0,1281.0,1270.0,1340.0,1329
6,14,교육 서비스업,2074.0,1694.0,1666.0,1774.0,1797
6,15,숙박업,1251.0,1138.0,1144.0,1157.0,1100
6,15,컴퓨터 프로그래밍/ 시스템 통합 및 관리업,1171.0,1065.0,1075.0,1092.0,1024
6,15,연구개발업,1445.0,1229.0,1205.0,1253.0,1232
6,15,공공행정/ 국방 및 사회보장 행정,1488.0,1285.0,1276.0,1342.0,1331
6,15,교육 서비스업,2031.0,1648.0,1616.0,1697.0,1704
6,16,숙박업,1244.0,1138.0,1142.0,1156.0,1100
6,16,컴퓨터 프로그래밍/ 시스템 통합 및 관리업,1169.0,1063.0,1076.0,1083.0,1021
6,16,연구개발업,1443.0,1228.0,1208.0,1257.0,1224
6,16,공공행정/ 국방 및 사회보장 행정,1483.0,1281.0,1273.0,1338.0,1323
6,16,교육 서비스업,1870.0,1516.0,1483.0,1540.0,1523
6,17,숙박업,1245.0,1138.0,1140.0,1153.0,1113
6,17,컴퓨터 프로그래밍/ 시스템 통합 및 관리업,1166.0,1059.0,1071.0,1078.0,1027
6,17,연구개발업,1425.0,1204.0,1194.0,1239.0,1217
6,17,공공행정/ 국방 및 사회보장 행정,1464.0,1264.0,1263.0,1325.0,1315
6,17,교육 서비스업,1603.0,1287.0,1276.0,1279.0,1259
6,18,숙박업,1251.0,1147.0,1144.0,1155.0,1121
6,18,컴퓨터 프로그래밍/ 시스템 통합 및 관리업,1155.0,1056.0,1064.0,1063.0,1027
6,18,연구개발업,1353.0,1162.0,1136.0,1165.0,1153
6,18,공공행정/ 국방 및 사회보장 행정,1388.0,1214.0,1203.0,1239.0,1239
6,18,교육 서비스업,1323.0,1082.0,1064.0,1002.0,1006
6,19,숙박업,1233.0,1129.0,1123.0,1129.0,1112
6,19,컴퓨터 프로그래밍/ 시스템 통합 및 관리업,1090.0,1023.0,1025.0,1015.0,1008
6,19,연구개발업,1200.0,1043.0,1041.0,1012.0,1008
6,19,공공행정/ 국방 및 사회보장 행정,1242.0,1082.0,1074.0,1040.0,1050
6,19,교육 서비스업,1174.0,957.0,956.0,852.0,876
6,20,숙박업,1217.0,1117.0,1114.0,1115.0,1121
6,20,컴퓨터 프로그래밍/ 시스템 통합 및 관리업,1064.0,1006.0,1008.0,993.0,996
6,20,연구개발업,1123.0,980.0,983.0,939.0,940
6,20,공공행정/ 국방 및 사회보장 행정,1165.0,1016.0,1007.0,947.0,968
6,20,교육 서비스업,1094.0,892.0,897.0,777.0,801
6,21,숙박업,1200.0,1096.0,1087.0,1083.0,1115
6,21,컴퓨터 프로그래밍/ 시스템 통합 및 관리업,1043.0,995.0,1001.0,982.0,989
6,21,연구개발업,1073.0,939.0,948.0,894.0,899
6,21,공공행정/ 국방 및 사회보장 행정,1133.0,984.0,980.0,908.0,928
6,21,교육 서비스업,1035.0,841.0,852.0,729.0,745
6,22,숙박업,1145.0,1046.0,1037.0,1031.0,1081
6,22,컴퓨터 프로그래밍/ 시스템 통합 및 관리업,1013.0,977.0,976.0,963.0,983
6,22,연구개발업,1018.0,895.0,910.0,856.0,864
6,22,공공행정/ 국방 및 사회보장 행정,1046.0,913.0,921.0,854.0,864
6,22,교육 서비스업,948.0,772.0,786.0,674.0,681
6,23,숙박업,1071.0,979.0,972.0,964.0,1024
6,23,컴퓨터 프로그래밍/ 시스템 통합 및 관리업,984.0,964.0,962.0,950.0,977
6,23,연구개발업,961.0,851.0,871.0,819.0,827
6,23,공공행정/ 국방 및 사회보장 행정,949.0,834.0,846.0,787.0,790
6,23,교육 서비스업,846.0,695.0,714.0,627.0,624
6,24,숙박업,1055.0,977.0,959.0,953.0,1006
6,24,컴퓨터 프로그래밍/ 시스템 통합 및 관리업,970.0,958.0,955.0,939.0,984
6,24,연구개발업,972.0,871.0,892.0,844.0,854
6,24,공공행정/ 국방 및 사회보장 행정,901.0,797.0,811.0,756.0,758
6,24,교육 서비스업,802.0,662.0,684.0,608.0,602
7,1,숙박업,865.0,864.0,862.0,856.0,874
7,1,컴퓨터 프로그래밍/ 시스템 통합 및 관리업,900.0,942.0,930.0,943.0,980
7,1,연구개발업,823.0,830.0,845.0,835.0,816
7,1,공공행정/ 국방 및 사회보장 행정,715.0,705.0,722.0,715.0,666
7,1,교육 서비스업,585.0,584.0,616.0,568.0,556
7,2,숙박업,803.0,802.0,800.0,803.0,816
7,2,컴퓨터 프로그래밍/ 시스템 통합 및 관리업,895.0,938.0,925.0,940.0,981
7,2,연구개발업,808.0,817.0,830.0,823.0,803
7,2,공공행정/ 국방 및 사회보장 행정,692.0,682.0,701.0,696.0,648
7,2,교육 서비스업,557.0,557.0,590.0,545.0,537
7,3,숙박업,753.0,756.0,752.0,762.0,777
7,3,컴퓨터 프로그래밍/ 시스템 통합 및 관리업,887.0,935.0,921.0,936.0,978
7,3,연구개발업,795.0,804.0,817.0,815.0,798
7,3,공공행정/ 국방 및 사회보장 행정,676.0,669.0,686.0,683.0,637
7,3,교육 서비스업,537.0,538.0,572.0,528.0,524
7,4,숙박업,724.0,728.0,726.0,737.0,753
7,4,컴퓨터 프로그래밍/ 시스템 통합 및 관리업,873.0,932.0,919.0,934.0,975
7,4,연구개발업,783.0,796.0,808.0,805.0,791
7,4,공공행정/ 국방 및 사회보장 행정,666.0,661.0,677.0,675.0,629
7,4,교육 서비스업,526.0,528.0,562.0,520.0,517
7,5,숙박업,724.0,726.0,723.0,735.0,750
7,5,컴퓨터 프로그래밍/ 시스템 통합 및 관리업,867.0,931.0,917.0,932.0,973
7,5,연구개발업,776.0,789.0,805.0,803.0,790
7,5,공공행정/ 국방 및 사회보장 행정,662.0,659.0,675.0,672.0,628
7,5,교육 서비스업,522.0,525.0,559.0,518.0,514
7,6,숙박업,761.0,761.0,763.0,770.0,778
7,6,컴퓨터 프로그래밍/ 시스템 통합 및 관리업,872.0,932.0,920.0,936.0,974
7,6,연구개발업,779.0,796.0,819.0,813.0,805
7,6,공공행정/ 국방 및 사회보장 행정,674.0,675.0,689.0,686.0,647
7,6,교육 서비스업,537.0,542.0,576.0,534.0,530
7,7,숙박업,838.0,837.0,837.0,840.0,837
7,7,컴퓨터 프로그래밍/ 시스템 통합 및 관리업,889.0,942.0,934.0,947.0,984
7,7,연구개발업,816.0,839.0,859.0,866.0,862
7,7,공공행정/ 국방 및 사회보장 행정,761.0,765.0,771.0,775.0,748
7,7,교육 서비스업,595.0,600.0,633.0,593.0,589
7,8,숙박업,920.0,924.0,919.0,915.0,909
7,8,컴퓨터 프로그래밍/ 시스템 통합 및 관리업,913.0,966.0,968.0,967.0,998
7,8,연구개발업,892.0,913.0,922.0,933.0,951
7,8,공공행정/ 국방 및 사회보장 행정,928.0,934.0,934.0,944.0,949
7,8,교육 서비스업,758.0,768.0,788.0,791.0,772
7,9,숙박업,1010.0,1014.0,1007.0,995.0,991
7,9,컴퓨터 프로그래밍/ 시스템 통합 및 관리업,1037.0,1023.0,1027.0,1010.0,1008
7,9,연구개발업,1029.0,1044.0,1034.0,1056.0,1085
7,9,공공행정/ 국방 및 사회보장 행정,1141.0,1147.0,1136.0,1160.0,1198
7,9,교육 서비스업,1220.0,1240.0,1205.0,1294.0,1296
7,10,숙박업,1086.0,1086.0,1085.0,1069.0,1061
7,10,컴퓨터 프로그래밍/ 시스템 통합 및 관리업,1083.0,1049.0,1056.0,1034.0,1018
7,10,연구개발업,1170.0,1163.0,1146.0,1169.0,1199
7,10,공공행정/ 국방 및 사회보장 행정,1279.0,1285.0,1273.0,1300.0,1348
7,10,교육 서비스업,1599.0,1597.0,1540.0,1632.0,1668
7,11,숙박업,1129.0,1129.0,1134.0,1133.0,1105
7,11,컴퓨터 프로그래밍/ 시스템 통합 및 관리업,1101.0,1057.0,1066.0,1045.0,1029
7,11,연구개발업,1225.0,1204.0,1196.0,1206.0,1235
7,11,공공행정/ 국방 및 사회보장 행정,1315.0,1323.0,1310.0,1329.0,1377
7,11,교육 서비스업,1673.0,1667.0,1612.0,1721.0,1741
7,12,숙박업,1131.0,1128.0,1133.0,1140.0,1104
7,12,컴퓨터 프로그래밍/ 시스템 통합 및 관리업,1104.0,1063.0,1072.0,1049.0,1030
7,12,연구개발업,1231.0,1208.0,1203.0,1214.0,1236
7,12,공공행정/ 국방 및 사회보장 행정,1304.0,1311.0,1299.0,1312.0,1366
7,12,교육 서비스업,1691.0,1683.0,1626.0,1736.0,1741
7,13,숙박업,1131.0,1133.0,1135.0,1147.0,1111
7,13,컴퓨터 프로그래밍/ 시스템 통합 및 관리업,1107.0,1061.0,1073.0,1053.0,1028
7,13,연구개발업,1217.0,1200.0,1188.0,1211.0,1239
7,13,공공행정/ 국방 및 사회보장 행정,1282.0,1292.0,1273.0,1273.0,1340
7,13,교육 서비스업,1631.0,1632.0,1585.0,1723.0,1721
7,14,숙박업,1142.0,1138.0,1144.0,1152.0,1117
7,14,컴퓨터 프로그래밍/ 시스템 통합 및 관리업,1120.0,1068.0,1083.0,1059.0,1026
7,14,연구개발업,1250.0,1232.0,1223.0,1227.0,1245
7,14,공공행정/ 국방 및 사회보장 행정,1335.0,1337.0,1329.0,1339.0,1381
7,14,교육 서비스업,1710.0,1713.0,1669.0,1780.0,1767
7,15,숙박업,1147.0,1145.0,1148.0,1155.0,1124
7,15,컴퓨터 프로그래밍/ 시스템 통합 및 관리업,1120.0,1071.0,1086.0,1068.0,1035
7,15,연구개발업,1259.0,1243.0,1238.0,1242.0,1254
7,15,공공행정/ 국방 및 사회보장 행정,1326.0,1331.0,1325.0,1337.0,1379
7,15,교육 서비스업,1627.0,1627.0,1587.0,1677.0,1676
7,16,숙박업,1149.0,1154.0,1153.0,1159.0,1134
7,16,컴퓨터 프로그래밍/ 시스템 통합 및 관리업,1123.0,1067.0,1082.0,1066.0,1031
7,16,연구개발업,1257.0,1243.0,1234.0,1243.0,1250
7,16,공공행정/ 국방 및 사회보장 행정,1315.0,1324.0,1317.0,1332.0,1370
7,16,교육 서비스업,1484.0,1484.0,1445.0,1507.0,1516
7,17,숙박업,1153.0,1158.0,1159.0,1167.0,1144
7,17,컴퓨터 프로그래밍/ 시스템 통합 및 관리업,1122.0,1060.0,1079.0,1071.0,1025
7,17,연구개발업,1243.0,1227.0,1217.0,1229.0,1229
7,17,공공행정/ 국방 및 사회보장 행정,1302.0,1306.0,1300.0,1318.0,1351
7,17,교육 서비스업,1261.0,1251.0,1235.0,1240.0,1250
7,18,숙박업,1164.0,1174.0,1170.0,1166.0,1152
7,18,컴퓨터 프로그래밍/ 시스템 통합 및 관리업,1117.0,1059.0,1067.0,1060.0,1025
7,18,연구개발업,1175.0,1180.0,1148.0,1160.0,1162
7,18,공공행정/ 국방 및 사회보장 행정,1223.0,1244.0,1220.0,1232.0,1260
7,18,교육 서비스업,1012.0,1014.0,1004.0,966.0,976
7,19,숙박업,1150.0,1153.0,1151.0,1138.0,1142
7,19,컴퓨터 프로그래밍/ 시스템 통합 및 관리업,1052.0,1022.0,1022.0,1027.0,1004
7,19,연구개발업,1041.0,1043.0,1024.0,1011.0,1005
7,19,공공행정/ 국방 및 사회보장 행정,1065.0,1066.0,1049.0,1028.0,1035
7,19,교육 서비스업,881.0,880.0,887.0,826.0,827
7,20,숙박업,1134.0,1132.0,1136.0,1121.0,1137
7,20,컴퓨터 프로그래밍/ 시스템 통합 및 관리업,1014.0,1003.0,1000.0,1008.0,990
7,20,연구개발업,968.0,967.0,957.0,937.0,921
7,20,공공행정/ 국방 및 사회보장 행정,986.0,978.0,965.0,935.0,930
7,20,교육 서비스업,820.0,818.0,838.0,751.0,755
7,21,숙박업,1109.0,1101.0,1100.0,1089.0,1122
7,21,컴퓨터 프로그래밍/ 시스템 통합 및 관리업,995.0,992.0,990.0,998.0,982
7,21,연구개발업,921.0,921.0,915.0,890.0,871
7,21,공공행정/ 국방 및 사회보장 행정,946.0,934.0,930.0,896.0,875
7,21,교육 서비스업,783.0,779.0,804.0,704.0,707
7,22,숙박업,1053.0,1046.0,1048.0,1038.0,1080
7,22,컴퓨터 프로그래밍/ 시스템 통합 및 관리업,962.0,974.0,968.0,984.0,976
7,22,연구개발업,874.0,874.0,872.0,851.0,833
7,22,공공행정/ 국방 및 사회보장 행정,871.0,858.0,868.0,843.0,806
7,22,교육 서비스업,722.0,719.0,744.0,652.0,650
7,23,숙박업,977.0,969.0,974.0,965.0,1008
7,23,컴퓨터 프로그래밍/ 시스템 통합 및 관리업,934.0,960.0,952.0,973.0,970
7,23,연구개발업,829.0,826.0,836.0,818.0,797
7,23,공공행정/ 국방 및 사회보장 행정,789.0,777.0,793.0,777.0,731
7,23,교육 서비스업,651.0,648.0,677.0,606.0,597
7,24,숙박업,947.0,942.0,943.0,950.0,973
7,24,컴퓨터 프로그래밍/ 시스템 통합 및 관리업,911.0,951.0,942.0,960.0,979
7,24,연구개발업,838.0,844.0,862.0,844.0,824
7,24,공공행정/ 국방 및 사회보장 행정,746.0,738.0,757.0,746.0,700
7,24,교육 서비스업,618.0,616.0,647.0,589.0,575
8,1,숙박업,867.0,862.0,854.0,841.0,877
8,1,컴퓨터 프로그래밍/ 시스템 통합 및 관리업,900.0,947.0,918.0,898.0,976
8,1,연구개발업,827.0,825.0,842.0,810.0,821
8,1,공공행정/ 국방 및 사회보장 행정,717.0,695.0,712.0,678.0,679
8,1,교육 서비스업,625.0,598.0,621.0,575.0,591
8,2,숙박업,803.0,802.0,793.0,784.0,819
8,2,컴퓨터 프로그래밍/ 시스템 통합 및 관리업,894.0,943.0,913.0,907.0,983
8,2,연구개발업,812.0,816.0,828.0,801.0,810
8,2,공공행정/ 국방 및 사회보장 행정,695.0,674.0,691.0,660.0,662
8,2,교육 서비스업,596.0,573.0,597.0,558.0,572
8,3,숙박업,752.0,758.0,747.0,745.0,780
8,3,컴퓨터 프로그래밍/ 시스템 통합 및 관리업,888.0,941.0,908.0,902.0,980
8,3,연구개발업,795.0,803.0,815.0,793.0,804
8,3,공공행정/ 국방 및 사회보장 행정,680.0,663.0,678.0,650.0,650
8,3,교육 서비스업,575.0,556.0,579.0,544.0,560
8,4,숙박업,722.0,731.0,721.0,724.0,755
8,4,컴퓨터 프로그래밍/ 시스템 통합 및 관리업,883.0,938.0,905.0,901.0,976
8,4,연구개발업,782.0,793.0,806.0,784.0,797
8,4,공공행정/ 국방 및 사회보장 행정,669.0,656.0,670.0,644.0,643
8,4,교육 서비스업,564.0,546.0,569.0,538.0,553
8,5,숙박업,723.0,729.0,720.0,724.0,754
8,5,컴퓨터 프로그래밍/ 시스템 통합 및 관리업,882.0,937.0,903.0,899.0,976
8,5,연구개발업,775.0,787.0,804.0,782.0,797
8,5,공공행정/ 국방 및 사회보장 행정,668.0,655.0,669.0,644.0,645
8,5,교육 서비스업,560.0,544.0,567.0,537.0,551
8,6,숙박업,761.0,770.0,759.0,761.0,787
8,6,컴퓨터 프로그래밍/ 시스템 통합 및 관리업,886.0,940.0,907.0,904.0,978
8,6,연구개발업,777.0,798.0,820.0,796.0,815
8,6,공공행정/ 국방 및 사회보장 행정,686.0,680.0,690.0,669.0,671
8,6,교육 서비스업,579.0,565.0,586.0,553.0,569
8,7,숙박업,835.0,839.0,830.0,827.0,843
8,7,컴퓨터 프로그래밍/ 시스템 통합 및 관리업,901.0,952.0,924.0,924.0,985
8,7,연구개발업,813.0,845.0,859.0,856.0,874
8,7,공공행정/ 국방 및 사회보장 행정,775.0,780.0,777.0,770.0,768
8,7,교육 서비스업,636.0,626.0,645.0,609.0,629
8,8,숙박업,920.0,926.0,916.0,913.0,917
8,8,컴퓨터 프로그래밍/ 시스템 통합 및 관리업,930.0,976.0,964.0,967.0,1001
8,8,연구개발업,893.0,929.0,931.0,942.0,964
8,8,공공행정/ 국방 및 사회보장 행정,941.0,955.0,948.0,961.0,967
8,8,교육 서비스업,782.0,793.0,801.0,787.0,799
8,9,숙박업,1018.0,1023.0,1017.0,1010.0,1005
8,9,컴퓨터 프로그래밍/ 시스템 통합 및 관리업,1043.0,1026.0,1024.0,1041.0,1010
8,9,연구개발업,1034.0,1061.0,1049.0,1082.0,1093
8,9,공공행정/ 국방 및 사회보장 행정,1145.0,1172.0,1159.0,1208.0,1207
8,9,교육 서비스업,1143.0,1197.0,1183.0,1273.0,1236
8,10,숙박업,1098.0,1100.0,1104.0,1100.0,1078
8,10,컴퓨터 프로그래밍/ 시스템 통합 및 관리업,1083.0,1047.0,1057.0,1080.0,1017
8,10,연구개발업,1175.0,1174.0,1157.0,1202.0,1199
8,10,공공행정/ 국방 및 사회보장 행정,1270.0,1299.0,1287.0,1351.0,1344
8,10,교육 서비스업,1473.0,1543.0,1506.0,1637.0,1578
8,11,숙박업,1135.0,1134.0,1145.0,1157.0,1119
8,11,컴퓨터 프로그래밍/ 시스템 통합 및 관리업,1097.0,1042.0,1069.0,1090.0,1026
8,11,연구개발업,1229.0,1214.0,1198.0,1240.0,1232
8,11,공공행정/ 국방 및 사회보장 행정,1304.0,1334.0,1319.0,1370.0,1368
8,11,교육 서비스업,1561.0,1626.0,1584.0,1720.0,1661
8,12,숙박업,1127.0,1126.0,1133.0,1146.0,1109
8,12,컴퓨터 프로그래밍/ 시스템 통합 및 관리업,1104.0,1048.0,1075.0,1095.0,1029
8,12,연구개발업,1234.0,1217.0,1204.0,1239.0,1232
8,12,공공행정/ 국방 및 사회보장 행정,1296.0,1323.0,1311.0,1351.0,1351
8,12,교육 서비스업,1579.0,1636.0,1591.0,1717.0,1662
8,13,숙박업,1124.0,1126.0,1132.0,1146.0,1115
8,13,컴퓨터 프로그래밍/ 시스템 통합 및 관리업,1102.0,1047.0,1077.0,1094.0,1033
8,13,연구개발업,1219.0,1208.0,1195.0,1237.0,1233
8,13,공공행정/ 국방 및 사회보장 행정,1274.0,1303.0,1290.0,1317.0,1326
8,13,교육 서비스업,1516.0,1571.0,1531.0,1665.0,1626
8,14,숙박업,1132.0,1131.0,1139.0,1152.0,1115
8,14,컴퓨터 프로그래밍/ 시스템 통합 및 관리업,1114.0,1053.0,1087.0,1103.0,1023
8,14,연구개발업,1254.0,1233.0,1222.0,1250.0,1238
8,14,공공행정/ 국방 및 사회보장 행정,1322.0,1337.0,1326.0,1364.0,1364
8,14,교육 서비스업,1596.0,1636.0,1602.0,1706.0,1679
8,15,숙박업,1141.0,1139.0,1144.0,1158.0,1120
8,15,컴퓨터 프로그래밍/ 시스템 통합 및 관리업,1113.0,1056.0,1091.0,1107.0,1025
8,15,연구개발업,1258.0,1244.0,1234.0,1262.0,1241
8,15,공공행정/ 국방 및 사회보장 행정,1315.0,1331.0,1322.0,1360.0,1359
8,15,교육 서비스업,1561.0,1589.0,1560.0,1640.0,1625
8,16,숙박업,1145.0,1150.0,1153.0,1169.0,1128
8,16,컴퓨터 프로그래밍/ 시스템 통합 및 관리업,1107.0,1054.0,1091.0,1101.0,1025
8,16,연구개발업,1257.0,1240.0,1231.0,1260.0,1237
8,16,공공행정/ 국방 및 사회보장 행정,1306.0,1323.0,1315.0,1349.0,1351
8,16,교육 서비스업,1470.0,1482.0,1455.0,1507.0,1496
8,17,숙박업,1149.0,1161.0,1161.0,1178.0,1138
8,17,컴퓨터 프로그래밍/ 시스템 통합 및 관리업,1103.0,1050.0,1096.0,1097.0,1024
8,17,연구개발업,1243.0,1222.0,1218.0,1243.0,1215
8,17,공공행정/ 국방 및 사회보장 행정,1295.0,1309.0,1303.0,1332.0,1329
8,17,교육 서비스업,1296.0,1275.0,1267.0,1262.0,1265
8,18,숙박업,1161.0,1164.0,1173.0,1176.0,1144
8,18,컴퓨터 프로그래밍/ 시스템 통합 및 관리업,1098.0,1063.0,1083.0,1081.0,1025
8,18,연구개발업,1172.0,1174.0,1153.0,1166.0,1148
8,18,공공행정/ 국방 및 사회보장 행정,1222.0,1239.0,1226.0,1240.0,1240
8,18,교육 서비스업,1078.0,1059.0,1048.0,987.0,1015
8,19,숙박업,1152.0,1150.0,1158.0,1148.0,1134
8,19,컴퓨터 프로그래밍/ 시스템 통합 및 관리업,1046.0,1030.0,1034.0,1022.0,1006
8,19,연구개발업,1038.0,1033.0,1027.0,1008.0,996
8,19,공공행정/ 국방 및 사회보장 행정,1069.0,1057.0,1050.0,1019.0,1026
8,19,교육 서비스업,947.0,913.0,922.0,830.0,866
8,20,숙박업,1143.0,1136.0,1146.0,1131.0,1136
8,20,컴퓨터 프로그래밍/ 시스템 통합 및 관리업,1012.0,1010.0,1011.0,998.0,991
8,20,연구개발업,966.0,958.0,956.0,927.0,920
8,20,공공행정/ 국방 및 사회보장 행정,999.0,972.0,968.0,924.0,932
8,20,교육 서비스업,890.0,854.0,872.0,762.0,798
8,21,숙박업,1109.0,1098.0,1103.0,1089.0,1111
8,21,컴퓨터 프로그래밍/ 시스템 통합 및 관리업,994.0,998.0,1000.0,984.0,981
8,21,연구개발업,917.0,912.0,908.0,874.0,871
8,21,공공행정/ 국방 및 사회보장 행정,950.0,921.0,919.0,871.0,872
8,21,교육 서비스업,843.0,805.0,826.0,715.0,744
8,22,숙박업,1056.0,1045.0,1049.0,1037.0,1067
8,22,컴퓨터 프로그래밍/ 시스템 통합 및 관리업,966.0,979.0,974.0,958.0,977
8,22,연구개발업,868.0,865.0,864.0,827.0,834
8,22,공공행정/ 국방 및 사회보장 행정,870.0,841.0,853.0,813.0,804
8,22,교육 서비스업,775.0,738.0,758.0,664.0,685
8,23,숙박업,982.0,970.0,973.0,964.0,993
8,23,컴퓨터 프로그래밍/ 시스템 통합 및 관리업,935.0,966.0,951.0,940.0,971
8,23,연구개발업,822.0,818.0,826.0,796.0,799
8,23,공공행정/ 국방 및 사회보장 행정,788.0,760.0,777.0,744.0,736
8,23,교육 서비스업,695.0,658.0,682.0,618.0,630
8,24,숙박업,946.0,931.0,931.0,922.0,957
8,24,컴퓨터 프로그래밍/ 시스템 통합 및 관리업,920.0,957.0,938.0,909.0,980
8,24,연구개발업,840.0,831.0,852.0,822.0,829
8,24,공공행정/ 국방 및 사회보장 행정,746.0,723.0,741.0,711.0,707
8,24,교육 서비스업,659.0,624.0,649.0,598.0,609
9,1,숙박업,890.0,893.0,876.0,885.0,903
9,1,컴퓨터 프로그래밍/ 시스템 통합 및 관리업,917.0,962.0,942.0,927.0,979
9,1,연구개발업,871.0,888.0,873.0,854.0,855
9,1,공공행정/ 국방 및 사회보장 행정,775.0,776.0,754.0,732.0,728
9,1,교육 서비스업,642.0,639.0,605.0,631.0,563
9,2,숙박업,825.0,830.0,815.0,832.0,844
9,2,컴퓨터 프로그래밍/ 시스템 통합 및 관리업,911.0,958.0,938.0,923.0,982
9,2,연구개발업,856.0,875.0,860.0,840.0,843
9,2,공공행정/ 국방 및 사회보장 행정,753.0,753.0,732.0,714.0,709
9,2,교육 서비스업,608.0,607.0,575.0,610.0,540
9,3,숙박업,770.0,782.0,769.0,795.0,805
9,3,컴퓨터 프로그래밍/ 시스템 통합 및 관리업,907.0,957.0,932.0,919.0,979
9,3,연구개발업,841.0,861.0,851.0,832.0,839
9,3,공공행정/ 국방 및 사회보장 행정,738.0,739.0,718.0,702.0,697
9,3,교육 서비스업,583.0,584.0,553.0,594.0,524
9,4,숙박업,741.0,754.0,744.0,775.0,782
9,4,컴퓨터 프로그래밍/ 시스템 통합 및 관리업,903.0,955.0,930.0,917.0,977
9,4,연구개발업,830.0,852.0,842.0,822.0,830
9,4,공공행정/ 국방 및 사회보장 행정,728.0,731.0,711.0,695.0,689
9,4,교육 서비스업,569.0,570.0,540.0,586.0,516
9,5,숙박업,748.0,757.0,749.0,777.0,787
9,5,컴퓨터 프로그래밍/ 시스템 통합 및 관리업,901.0,953.0,929.0,915.0,976
9,5,연구개발업,821.0,844.0,838.0,819.0,828
9,5,공공행정/ 국방 및 사회보장 행정,728.0,732.0,712.0,695.0,691
9,5,교육 서비스업,566.0,567.0,537.0,583.0,513
9,6,숙박업,794.0,804.0,797.0,815.0,828
9,6,컴퓨터 프로그래밍/ 시스템 통합 및 관리업,905.0,955.0,931.0,919.0,978
9,6,연구개발업,820.0,847.0,848.0,830.0,840
9,6,공공행정/ 국방 및 사회보장 행정,749.0,755.0,735.0,717.0,715
9,6,교육 서비스업,584.0,586.0,556.0,601.0,536
9,7,숙박업,861.0,867.0,868.0,869.0,878
9,7,컴퓨터 프로그래밍/ 시스템 통합 및 관리업,918.0,963.0,943.0,932.0,986
9,7,연구개발업,842.0,876.0,873.0,878.0,885
9,7,공공행정/ 국방 및 사회보장 행정,813.0,821.0,802.0,796.0,789
9,7,교육 서비스업,629.0,634.0,608.0,652.0,596
9,8,숙박업,928.0,937.0,937.0,931.0,936
9,8,컴퓨터 프로그래밍/ 시스템 통합 및 관리업,941.0,975.0,971.0,961.0,997
9,8,연구개발업,885.0,920.0,920.0,935.0,952
9,8,공공행정/ 국방 및 사회보장 행정,924.0,938.0,933.0,952.0,936
9,8,교육 서비스업,759.0,774.0,763.0,814.0,785
9,9,숙박업,1001.0,1011.0,1014.0,999.0,999
9,9,컴퓨터 프로그래밍/ 시스템 통합 및 관리업,1021.0,1020.0,1018.0,1018.0,1008
9,9,연구개발업,983.0,1012.0,1010.0,1043.0,1048
9,9,공공행정/ 국방 및 사회보장 행정,1063.0,1084.0,1094.0,1148.0,1126
9,9,교육 서비스업,1083.0,1136.0,1162.0,1211.0,1255
9,10,숙박업,1060.0,1066.0,1077.0,1059.0,1050
9,10,컴퓨터 프로그래밍/ 시스템 통합 및 관리업,1059.0,1038.0,1045.0,1054.0,1017
9,10,연구개발업,1103.0,1107.0,1105.0,1154.0,1139
9,10,공공행정/ 국방 및 사회보장 행정,1163.0,1185.0,1209.0,1264.0,1253
9,10,교육 서비스업,1346.0,1403.0,1448.0,1490.0,1571
9,11,숙박업,1104.0,1114.0,1124.0,1115.0,1088
9,11,컴퓨터 프로그래밍/ 시스템 통합 및 관리업,1077.0,1030.0,1057.0,1075.0,1024
9,11,연구개발업,1164.0,1149.0,1155.0,1191.0,1175
9,11,공공행정/ 국방 및 사회보장 행정,1201.0,1222.0,1249.0,1289.0,1284
9,11,교육 서비스업,1450.0,1490.0,1540.0,1577.0,1656
9,12,숙박업,1120.0,1123.0,1133.0,1121.0,1095
9,12,컴퓨터 프로그래밍/ 시스템 통합 및 관리업,1087.0,1035.0,1061.0,1079.0,1026
9,12,연구개발업,1181.0,1160.0,1171.0,1199.0,1191
9,12,공공행정/ 국방 및 사회보장 행정,1208.0,1220.0,1250.0,1282.0,1280
9,12,교육 서비스업,1505.0,1531.0,1588.0,1596.0,1688
9,13,숙박업,1129.0,1129.0,1137.0,1129.0,1103
9,13,컴퓨터 프로그래밍/ 시스템 통합 및 관리업,1087.0,1034.0,1062.0,1077.0,1026
9,13,연구개발업,1171.0,1158.0,1167.0,1204.0,1202
9,13,공공행정/ 국방 및 사회보장 행정,1199.0,1206.0,1235.0,1253.0,1263
9,13,교육 서비스업,1509.0,1529.0,1596.0,1595.0,1718
9,14,숙박업,1137.0,1131.0,1144.0,1133.0,1104
9,14,컴퓨터 프로그래밍/ 시스템 통합 및 관리업,1099.0,1040.0,1071.0,1089.0,1022
9,14,연구개발업,1206.0,1171.0,1189.0,1210.0,1207
9,14,공공행정/ 국방 및 사회보장 행정,1254.0,1253.0,1287.0,1310.0,1320
9,14,교육 서비스업,1653.0,1657.0,1734.0,1666.0,1815
9,15,숙박업,1138.0,1130.0,1142.0,1133.0,1107
9,15,컴퓨터 프로그래밍/ 시스템 통합 및 관리업,1102.0,1041.0,1075.0,1093.0,1024
9,15,연구개발업,1225.0,1181.0,1202.0,1222.0,1216
9,15,공공행정/ 국방 및 사회보장 행정,1260.0,1253.0,1289.0,1313.0,1324
9,15,교육 서비스업,1619.0,1606.0,1659.0,1601.0,1720
9,16,숙박업,1129.0,1127.0,1137.0,1131.0,1106
9,16,컴퓨터 프로그래밍/ 시스템 통합 및 관리업,1099.0,1038.0,1070.0,1088.0,1022
9,16,연구개발업,1225.0,1176.0,1198.0,1220.0,1216
9,16,공공행정/ 국방 및 사회보장 행정,1259.0,1249.0,1281.0,1307.0,1321
9,16,교육 서비스업,1505.0,1481.0,1507.0,1471.0,1529
9,17,숙박업,1130.0,1130.0,1135.0,1131.0,1106
9,17,컴퓨터 프로그래밍/ 시스템 통합 및 관리업,1096.0,1036.0,1067.0,1084.0,1024
9,17,연구개발업,1211.0,1161.0,1187.0,1205.0,1196
9,17,공공행정/ 국방 및 사회보장 행정,1250.0,1238.0,1265.0,1291.0,1308
9,17,교육 서비스업,1310.0,1271.0,1276.0,1254.0,1251
9,18,숙박업,1137.0,1130.0,1139.0,1129.0,1113
9,18,컴퓨터 프로그래밍/ 시스템 통합 및 관리업,1091.0,1050.0,1058.0,1072.0,1025
9,18,연구개발업,1154.0,1133.0,1135.0,1145.0,1140
9,18,공공행정/ 국방 및 사회보장 행정,1201.0,1193.0,1199.0,1220.0,1231
9,18,교육 서비스업,1100.0,1074.0,1048.0,1011.0,996
9,19,숙박업,1140.0,1128.0,1134.0,1123.0,1124
9,19,컴퓨터 프로그래밍/ 시스템 통합 및 관리업,1038.0,1021.0,1020.0,1020.0,1004
9,19,연구개발업,1048.0,1037.0,1030.0,1017.0,1008
9,19,공공행정/ 국방 및 사회보장 행정,1105.0,1086.0,1070.0,1045.0,1057
9,19,교육 서비스업,992.0,966.0,941.0,878.0,867
9,20,숙박업,1138.0,1125.0,1125.0,1118.0,1131
9,20,컴퓨터 프로그래밍/ 시스템 통합 및 관리업,1008.0,1008.0,1002.0,998.0,994
9,20,연구개발업,988.0,985.0,971.0,946.0,944
9,20,공공행정/ 국방 및 사회보장 행정,1064.0,1039.0,1011.0,965.0,978
9,20,교육 서비스업,940.0,913.0,883.0,812.0,792
9,21,숙박업,1100.0,1086.0,1080.0,1070.0,1099
9,21,컴퓨터 프로그래밍/ 시스템 통합 및 관리업,993.0,999.0,994.0,986.0,987
9,21,연구개발업,944.0,947.0,933.0,897.0,901
9,21,공공행정/ 국방 및 사회보장 행정,1007.0,986.0,958.0,909.0,916
9,21,교육 서비스업,870.0,846.0,817.0,756.0,724
9,22,숙박업,1043.0,1031.0,1026.0,1013.0,1050
9,22,컴퓨터 프로그래밍/ 시스템 통합 및 관리업,967.0,985.0,973.0,965.0,984
9,22,연구개발업,900.0,908.0,893.0,857.0,863
9,22,공공행정/ 국방 및 사회보장 행정,925.0,911.0,897.0,853.0,851
9,22,교육 서비스업,794.0,776.0,747.0,705.0,661
9,23,숙박업,972.0,961.0,957.0,960.0,988
9,23,컴퓨터 프로그래밍/ 시스템 통합 및 관리업,943.0,975.0,959.0,950.0,979
9,23,연구개발업,857.0,870.0,860.0,825.0,826
9,23,공공행정/ 국방 및 사회보장 행정,838.0,831.0,822.0,789.0,783
9,23,교육 서비스업,711.0,700.0,674.0,661.0,605
9,24,숙박업,965.0,953.0,940.0,960.0,973
9,24,컴퓨터 프로그래밍/ 시스템 통합 및 관리업,929.0,969.0,951.0,939.0,980
9,24,연구개발업,874.0,884.0,889.0,855.0,855
9,24,공공행정/ 국방 및 사회보장 행정,797.0,798.0,787.0,758.0,750
9,24,교육 서비스업,675.0,668.0,642.0,645.0,580
10,1,숙박업,957.0,960.0,925.0,945.0,948
10,1,컴퓨터 프로그래밍/ 시스템 통합 및 관리업,938.0,966.0,949.0,934.0,980
10,1,연구개발업,874.0,882.0,889.0,860.0,863
10,1,공공행정/ 국방 및 사회보장 행정,813.0,802.0,802.0,775.0,768
10,1,교육 서비스업,768.0,766.0,739.0,724.0,653
10,2,숙박업,883.0,890.0,854.0,879.0,881
10,2,컴퓨터 프로그래밍/ 시스템 통합 및 관리업,931.0,964.0,946.0,930.0,979
10,2,연구개발업,858.0,873.0,877.0,845.0,852
10,2,공공행정/ 국방 및 사회보장 행정,795.0,787.0,785.0,759.0,751
10,2,교육 서비스업,733.0,731.0,705.0,697.0,627
10,3,숙박업,825.0,838.0,805.0,835.0,837
10,3,컴퓨터 프로그래밍/ 시스템 통합 및 관리업,928.0,962.0,943.0,927.0,974
10,3,연구개발업,846.0,863.0,867.0,841.0,848
10,3,공공행정/ 국방 및 사회보장 행정,785.0,778.0,774.0,751.0,741
10,3,교육 서비스업,705.0,703.0,678.0,674.0,608
10,4,숙박업,793.0,812.0,777.0,812.0,815
10,4,컴퓨터 프로그래밍/ 시스템 통합 및 관리업,924.0,959.0,941.0,924.0,973
10,4,연구개발업,837.0,858.0,860.0,835.0,843
10,4,공공행정/ 국방 및 사회보장 행정,780.0,775.0,768.0,750.0,737
10,4,교육 서비스업,687.0,687.0,663.0,662.0,596
10,5,숙박업,803.0,818.0,784.0,816.0,824
10,5,컴퓨터 프로그래밍/ 시스템 통합 및 관리업,921.0,958.0,940.0,924.0,972
10,5,연구개발업,834.0,854.0,856.0,835.0,846
10,5,공공행정/ 국방 및 사회보장 행정,786.0,785.0,776.0,758.0,744
10,5,교육 서비스업,682.0,683.0,660.0,659.0,593
10,6,숙박업,851.0,866.0,838.0,860.0,864
10,6,컴퓨터 프로그래밍/ 시스템 통합 및 관리업,924.0,961.0,941.0,929.0,974
10,6,연구개발업,839.0,863.0,868.0,850.0,860
10,6,공공행정/ 국방 및 사회보장 행정,820.0,822.0,809.0,795.0,779
10,6,교육 서비스업,703.0,705.0,681.0,683.0,619
10,7,숙박업,912.0,926.0,904.0,909.0,913
10,7,컴퓨터 프로그래밍/ 시스템 통합 및 관리업,936.0,969.0,950.0,938.0,981
10,7,연구개발업,873.0,898.0,900.0,892.0,904
10,7,공공행정/ 국방 및 사회보장 행정,892.0,902.0,881.0,881.0,866
10,7,교육 서비스업,749.0,753.0,733.0,741.0,686
10,8,숙박업,959.0,974.0,960.0,949.0,955
10,8,컴퓨터 프로그래밍/ 시스템 통합 및 관리업,956.0,977.0,966.0,955.0,989
10,8,연구개발업,920.0,944.0,939.0,940.0,965
10,8,공공행정/ 국방 및 사회보장 행정,992.0,1007.0,983.0,1013.0,1003
10,8,교육 서비스업,858.0,872.0,856.0,893.0,870
10,9,숙박업,998.0,1007.0,1012.0,988.0,992
10,9,컴퓨터 프로그래밍/ 시스템 통합 및 관리업,1018.0,1018.0,1014.0,1024.0,1006
10,9,연구개발업,1001.0,1023.0,1012.0,1038.0,1050
10,9,공공행정/ 국방 및 사회보장 행정,1103.0,1125.0,1102.0,1166.0,1161
10,9,교육 서비스업,1119.0,1153.0,1140.0,1238.0,1297
10,10,숙박업,1030.0,1028.0,1051.0,1019.0,1021
10,10,컴퓨터 프로그래밍/ 시스템 통합 및 관리업,1044.0,1034.0,1040.0,1057.0,1018
10,10,연구개발업,1096.0,1098.0,1092.0,1138.0,1136
10,10,공공행정/ 국방 및 사회보장 행정,1161.0,1186.0,1174.0,1248.0,1252
10,10,교육 서비스업,1280.0,1316.0,1314.0,1448.0,1538
10,11,숙박업,1055.0,1049.0,1082.0,1054.0,1039
10,11,컴퓨터 프로그래밍/ 시스템 통합 및 관리업,1056.0,1024.0,1048.0,1066.0,1024
10,11,연구개발업,1140.0,1129.0,1125.0,1164.0,1157
10,11,공공행정/ 국방 및 사회보장 행정,1164.0,1184.0,1183.0,1236.0,1246
10,11,교육 서비스업,1324.0,1353.0,1368.0,1492.0,1586
10,12,숙박업,1056.0,1047.0,1078.0,1048.0,1033
10,12,컴퓨터 프로그래밍/ 시스템 통합 및 관리업,1064.0,1030.0,1051.0,1071.0,1024
10,12,연구개발업,1149.0,1130.0,1133.0,1163.0,1163
10,12,공공행정/ 국방 및 사회보장 행정,1143.0,1158.0,1163.0,1194.0,1214
10,12,교육 서비스업,1331.0,1356.0,1381.0,1471.0,1575
10,13,숙박업,1055.0,1048.0,1078.0,1047.0,1036
10,13,컴퓨터 프로그래밍/ 시스템 통합 및 관리업,1063.0,1027.0,1051.0,1069.0,1023
10,13,연구개발업,1134.0,1122.0,1125.0,1156.0,1167
10,13,공공행정/ 국방 및 사회보장 행정,1111.0,1118.0,1130.0,1130.0,1169
10,13,교육 서비스업,1309.0,1333.0,1371.0,1423.0,1549
10,14,숙박업,1058.0,1046.0,1085.0,1049.0,1036
10,14,컴퓨터 프로그래밍/ 시스템 통합 및 관리업,1070.0,1032.0,1061.0,1078.0,1027
10,14,연구개발업,1157.0,1131.0,1143.0,1157.0,1168
10,14,공공행정/ 국방 및 사회보장 행정,1144.0,1150.0,1175.0,1183.0,1211
10,14,교육 서비스업,1365.0,1373.0,1446.0,1433.0,1580
10,15,숙박업,1060.0,1044.0,1082.0,1050.0,1038
10,15,컴퓨터 프로그래밍/ 시스템 통합 및 관리업,1074.0,1035.0,1064.0,1080.0,1029
10,15,연구개발업,1173.0,1142.0,1158.0,1173.0,1177
10,15,공공행정/ 국방 및 사회보장 행정,1143.0,1143.0,1177.0,1183.0,1209
10,15,교육 서비스업,1346.0,1345.0,1414.0,1404.0,1515
10,16,숙박업,1056.0,1044.0,1077.0,1052.0,1040
10,16,컴퓨터 프로그래밍/ 시스템 통합 및 관리업,1072.0,1032.0,1061.0,1075.0,1028
10,16,연구개발업,1174.0,1145.0,1162.0,1174.0,1181
10,16,공공행정/ 국방 및 사회보장 행정,1146.0,1144.0,1181.0,1187.0,1211
10,16,교육 서비스업,1299.0,1288.0,1337.0,1323.0,1386
10,17,숙박업,1062.0,1048.0,1083.0,1064.0,1051
10,17,컴퓨터 프로그래밍/ 시스템 통합 및 관리업,1071.0,1033.0,1058.0,1072.0,1027
10,17,연구개발업,1170.0,1152.0,1159.0,1179.0,1167
10,17,공공행정/ 국방 및 사회보장 행정,1153.0,1162.0,1185.0,1194.0,1214
10,17,교육 서비스업,1196.0,1194.0,1203.0,1175.0,1184
10,18,숙박업,1100.0,1091.0,1110.0,1099.0,1093
10,18,컴퓨터 프로그래밍/ 시스템 통합 및 관리업,1071.0,1043.0,1053.0,1064.0,1023
10,18,연구개발업,1137.0,1120.0,1126.0,1147.0,1128
10,18,공공행정/ 국방 및 사회보장 행정,1148.0,1140.0,1163.0,1176.0,1184
10,18,교육 서비스업,1073.0,1042.0,1057.0,1005.0,989
10,19,숙박업,1142.0,1125.0,1137.0,1139.0,1139
10,19,컴퓨터 프로그래밍/ 시스템 통합 및 관리업,1030.0,1024.0,1020.0,1018.0,1006
10,19,연구개발업,1069.0,1059.0,1048.0,1052.0,1020
10,19,공공행정/ 국방 및 사회보장 행정,1124.0,1108.0,1102.0,1082.0,1077
10,19,교육 서비스업,1034.0,1009.0,1005.0,925.0,897
10,20,숙박업,1124.0,1115.0,1117.0,1128.0,1138
10,20,컴퓨터 프로그래밍/ 시스템 통합 및 관리업,1012.0,1010.0,1004.0,999.0,999
10,20,연구개발업,1015.0,1009.0,992.0,980.0,965
10,20,공공행정/ 국방 및 사회보장 행정,1079.0,1059.0,1044.0,1014.0,1003
10,20,교육 서비스업,986.0,962.0,951.0,861.0,826
10,21,숙박업,1098.0,1090.0,1088.0,1100.0,1120
10,21,컴퓨터 프로그래밍/ 시스템 통합 및 관리업,1002.0,1003.0,997.0,988.0,993
10,21,연구개발업,980.0,973.0,957.0,935.0,927
10,21,공공행정/ 국방 및 사회보장 행정,1032.0,1014.0,1000.0,966.0,950
10,21,교육 서비스업,938.0,915.0,899.0,814.0,770
10,22,숙박업,1060.0,1060.0,1054.0,1066.0,1089
10,22,컴퓨터 프로그래밍/ 시스템 통합 및 관리업,982.0,989.0,979.0,972.0,987
10,22,연구개발업,938.0,939.0,922.0,903.0,893
10,22,공공행정/ 국방 및 사회보장 행정,963.0,948.0,944.0,910.0,892
10,22,교육 서비스업,884.0,863.0,844.0,772.0,717
10,23,숙박업,1022.0,1030.0,1010.0,1037.0,1054
10,23,컴퓨터 프로그래밍/ 시스템 통합 및 관리업,963.0,980.0,966.0,960.0,984
10,23,연구개발업,896.0,902.0,889.0,870.0,855
10,23,공공행정/ 국방 및 사회보장 행정,883.0,872.0,868.0,842.0,825
10,23,교육 서비스업,824.0,807.0,786.0,740.0,674
10,24,숙박업,1040.0,1043.0,1008.0,1055.0,1046
10,24,컴퓨터 프로그래밍/ 시스템 통합 및 관리업,951.0,972.0,957.0,948.0,981
10,24,연구개발업,891.0,892.0,901.0,872.0,865
10,24,공공행정/ 국방 및 사회보장 행정,840.0,831.0,831.0,806.0,793
10,24,교육 서비스업,807.0,797.0,770.0,744.0,666
11,1,숙박업,1007.0,1001.0,978.0,977.0,992
11,1,컴퓨터 프로그래밍/ 시스템 통합 및 관리업,924.0,966.0,947.0,936.0,981
11,1,연구개발업,823.0,852.0,860.0,831.0,835
11,1,공공행정/ 국방 및 사회보장 행정,767.0,777.0,779.0,733.0,738
11,1,교육 서비스업,726.0,738.0,727.0,665.0,634
11,2,숙박업,939.0,932.0,909.0,912.0,926
11,2,컴퓨터 프로그래밍/ 시스템 통합 및 관리업,917.0,963.0,942.0,931.0,978
11,2,연구개발업,812.0,845.0,852.0,822.0,827
11,2,공공행정/ 국방 및 사회보장 행정,753.0,763.0,765.0,719.0,726
11,2,교육 서비스업,700.0,713.0,701.0,647.0,616
11,3,숙박업,885.0,880.0,860.0,865.0,880
11,3,컴퓨터 프로그래밍/ 시스템 통합 및 관리업,912.0,960.0,937.0,926.0,975
11,3,연구개발업,804.0,839.0,845.0,821.0,827
11,3,공공행정/ 국방 및 사회보장 행정,744.0,754.0,758.0,713.0,718
11,3,교육 서비스업,674.0,690.0,676.0,624.0,599
11,4,숙박업,853.0,850.0,833.0,841.0,858
11,4,컴퓨터 프로그래밍/ 시스템 통합 및 관리업,909.0,958.0,935.0,925.0,973
11,4,연구개발업,800.0,835.0,842.0,818.0,825
11,4,공공행정/ 국방 및 사회보장 행정,742.0,750.0,753.0,713.0,716
11,4,교육 서비스업,657.0,670.0,661.0,610.0,586
11,5,숙박업,857.0,856.0,838.0,844.0,864
11,5,컴퓨터 프로그래밍/ 시스템 통합 및 관리업,906.0,957.0,934.0,924.0,972
11,5,연구개발업,801.0,834.0,841.0,819.0,827
11,5,공공행정/ 국방 및 사회보장 행정,752.0,762.0,764.0,723.0,727
11,5,교육 서비스업,662.0,673.0,665.0,615.0,588
11,6,숙박업,895.0,897.0,884.0,887.0,900
11,6,컴퓨터 프로그래밍/ 시스템 통합 및 관리업,911.0,960.0,937.0,930.0,974
11,6,연구개발업,817.0,847.0,860.0,838.0,845
11,6,공공행정/ 국방 및 사회보장 행정,793.0,804.0,805.0,767.0,771
11,6,교육 서비스업,690.0,708.0,695.0,647.0,623
11,7,숙박업,955.0,959.0,949.0,942.0,947
11,7,컴퓨터 프로그래밍/ 시스템 통합 및 관리업,927.0,971.0,951.0,941.0,980
11,7,연구개발업,866.0,893.0,906.0,892.0,902
11,7,공공행정/ 국방 및 사회보장 행정,898.0,910.0,907.0,883.0,888
11,7,교육 서비스업,744.0,765.0,754.0,712.0,697
11,8,숙박업,991.0,997.0,986.0,976.0,974
11,8,컴퓨터 프로그래밍/ 시스템 통합 및 관리업,961.0,989.0,973.0,963.0,988
11,8,연구개발업,942.0,957.0,967.0,969.0,992
11,8,공공행정/ 국방 및 사회보장 행정,1040.0,1052.0,1043.0,1065.0,1056
11,8,교육 서비스업,877.0,903.0,898.0,894.0,890
11,9,숙박업,1008.0,1015.0,1014.0,1004.0,987
11,9,컴퓨터 프로그래밍/ 시스템 통합 및 관리업,1039.0,1040.0,1028.0,1038.0,1006
11,9,연구개발업,1069.0,1072.0,1065.0,1099.0,1097
11,9,공공행정/ 국방 및 사회보장 행정,1206.0,1217.0,1205.0,1281.0,1256
11,9,교육 서비스업,1272.0,1307.0,1305.0,1418.0,1416
11,10,숙박업,1010.0,1018.0,1028.0,1020.0,991
11,10,컴퓨터 프로그래밍/ 시스템 통합 및 관리업,1078.0,1042.0,1056.0,1077.0,1020
11,10,연구개발업,1186.0,1170.0,1152.0,1210.0,1189
11,10,공공행정/ 국방 및 사회보장 행정,1287.0,1292.0,1281.0,1369.0,1346
11,10,교육 서비스업,1518.0,1533.0,1529.0,1696.0,1686
11,11,숙박업,1017.0,1025.0,1041.0,1036.0,993
11,11,컴퓨터 프로그래밍/ 시스템 통합 및 관리업,1087.0,1048.0,1062.0,1081.0,1026
11,11,연구개발업,1216.0,1185.0,1168.0,1214.0,1191
11,11,공공행정/ 국방 및 사회보장 행정,1269.0,1265.0,1262.0,1327.0,1311
11,11,교육 서비스업,1524.0,1519.0,1526.0,1694.0,1690
11,12,숙박업,1008.0,1011.0,1028.0,1019.0,980
11,12,컴퓨터 프로그래밍/ 시스템 통합 및 관리업,1087.0,1046.0,1060.0,1074.0,1023
11,12,연구개발업,1201.0,1171.0,1157.0,1195.0,1182
11,12,공공행정/ 국방 및 사회보장 행정,1214.0,1206.0,1209.0,1257.0,1250
11,12,교육 서비스업,1486.0,1469.0,1483.0,1640.0,1648
11,13,숙박업,1001.0,1000.0,1017.0,1009.0,977
11,13,컴퓨터 프로그래밍/ 시스템 통합 및 관리업,1076.0,1037.0,1053.0,1065.0,1023
11,13,연구개발업,1158.0,1141.0,1130.0,1175.0,1170
11,13,공공행정/ 국방 및 사회보장 행정,1146.0,1137.0,1143.0,1173.0,1184
11,13,교육 서비스업,1399.0,1384.0,1404.0,1536.0,1572
11,14,숙박업,996.0,997.0,1014.0,1005.0,975
11,14,컴퓨터 프로그래밍/ 시스템 통합 및 관리업,1080.0,1041.0,1060.0,1068.0,1028
11,14,연구개발업,1177.0,1157.0,1148.0,1188.0,1187
11,14,공공행정/ 국방 및 사회보장 행정,1171.0,1159.0,1166.0,1204.0,1211
11,14,교육 서비스업,1393.0,1372.0,1393.0,1488.0,1542
11,15,숙박업,992.0,993.0,1008.0,999.0,974
11,15,컴퓨터 프로그래밍/ 시스템 통합 및 관리업,1080.0,1040.0,1059.0,1067.0,1029
11,15,연구개발업,1182.0,1164.0,1155.0,1192.0,1194
11,15,공공행정/ 국방 및 사회보장 행정,1154.0,1142.0,1150.0,1187.0,1192
11,15,교육 서비스업,1341.0,1318.0,1334.0,1419.0,1471
11,16,숙박업,996.0,996.0,1011.0,1008.0,987
11,16,컴퓨터 프로그래밍/ 시스템 통합 및 관리업,1076.0,1035.0,1055.0,1064.0,1029
11,16,연구개발업,1179.0,1162.0,1155.0,1189.0,1193
11,16,공공행정/ 국방 및 사회보장 행정,1150.0,1140.0,1147.0,1183.0,1192
11,16,교육 서비스업,1280.0,1257.0,1266.0,1325.0,1367
11,17,숙박업,1018.0,1018.0,1033.0,1032.0,1018
11,17,컴퓨터 프로그래밍/ 시스템 통합 및 관리업,1074.0,1035.0,1054.0,1061.0,1028
11,17,연구개발업,1179.0,1154.0,1150.0,1179.0,1183
11,17,공공행정/ 국방 및 사회보장 행정,1158.0,1144.0,1154.0,1188.0,1196
11,17,교육 서비스업,1152.0,1123.0,1135.0,1139.0,1163
11,18,숙박업,1083.0,1081.0,1099.0,1100.0,1092
11,18,컴퓨터 프로그래밍/ 시스템 통합 및 관리업,1074.0,1036.0,1051.0,1057.0,1020
11,18,연구개발업,1146.0,1127.0,1114.0,1113.0,1099
11,18,공공행정/ 국방 및 사회보장 행정,1155.0,1149.0,1146.0,1168.0,1174
11,18,교육 서비스업,1002.0,994.0,990.0,931.0,946
11,19,숙박업,1111.0,1109.0,1118.0,1123.0,1131
11,19,컴퓨터 프로그래밍/ 시스템 통합 및 관리업,1028.0,1011.0,1013.0,1017.0,1005
11,19,연구개발업,1055.0,1033.0,1032.0,1011.0,992
11,19,공공행정/ 국방 및 사회보장 행정,1082.0,1071.0,1063.0,1043.0,1043
11,19,교육 서비스업,931.0,918.0,919.0,828.0,835
11,20,숙박업,1102.0,1100.0,1105.0,1116.0,1133
11,20,컴퓨터 프로그래밍/ 시스템 통합 및 관리업,1006.0,994.0,1000.0,998.0,995
11,20,연구개발업,996.0,973.0,979.0,943.0,938
11,20,공공행정/ 국방 및 사회보장 행정,1021.0,1009.0,1000.0,968.0,967
11,20,교육 서비스업,880.0,867.0,868.0,764.0,768
11,21,숙박업,1088.0,1088.0,1087.0,1096.0,1123
11,21,컴퓨터 프로그래밍/ 시스템 통합 및 관리업,992.0,985.0,995.0,985.0,995
11,21,연구개발업,960.0,950.0,951.0,916.0,923
11,21,공공행정/ 국방 및 사회보장 행정,970.0,963.0,956.0,918.0,916
11,21,교육 서비스업,832.0,826.0,823.0,717.0,717
11,22,숙박업,1062.0,1063.0,1062.0,1067.0,1103
11,22,컴퓨터 프로그래밍/ 시스템 통합 및 관리업,969.0,968.0,977.0,970.0,991
11,22,연구개발업,918.0,915.0,919.0,882.0,891
11,22,공공행정/ 국방 및 사회보장 행정,899.0,900.0,901.0,858.0,859
11,22,교육 서비스업,777.0,774.0,770.0,671.0,664
11,23,숙박업,1044.0,1042.0,1038.0,1049.0,1091
11,23,컴퓨터 프로그래밍/ 시스템 통합 및 관리업,949.0,955.0,965.0,956.0,982
11,23,연구개발업,868.0,865.0,881.0,841.0,842
11,23,공공행정/ 국방 및 사회보장 행정,831.0,832.0,838.0,795.0,796
11,23,교육 서비스업,732.0,730.0,728.0,645.0,631
11,24,숙박업,1081.0,1070.0,1057.0,1074.0,1104
11,24,컴퓨터 프로그래밍/ 시스템 통합 및 관리업,937.0,966.0,956.0,945.0,981
11,24,연구개발업,845.0,858.0,872.0,843.0,848
11,24,공공행정/ 국방 및 사회보장 행정,796.0,800.0,805.0,762.0,766
11,24,교육 서비스업,752.0,753.0,750.0,673.0,651
12,1,숙박업,1227.0,992.0,994.0,994.0,1006
12,1,컴퓨터 프로그래밍/ 시스템 통합 및 관리업,952.0,955.0,943.0,917.0,979
12,1,연구개발업,902.0,843.0,854.0,807.0,816
12,1,공공행정/ 국방 및 사회보장 행정,912.0,756.0,756.0,698.0,714
12,1,교육 서비스업,959.0,713.0,704.0,638.0,613
12,2,숙박업,1158.0,936.0,936.0,947.0,951
12,2,컴퓨터 프로그래밍/ 시스템 통합 및 관리업,946.0,950.0,938.0,912.0,980
12,2,연구개발업,891.0,837.0,846.0,800.0,809
12,2,공공행정/ 국방 및 사회보장 행정,897.0,745.0,747.0,687.0,705
12,2,교육 서비스업,946.0,705.0,692.0,632.0,605
12,3,숙박업,1097.0,888.0,890.0,908.0,909
12,3,컴퓨터 프로그래밍/ 시스템 통합 및 관리업,941.0,947.0,933.0,908.0,972
12,3,연구개발업,882.0,831.0,839.0,794.0,810
12,3,공공행정/ 국방 및 사회보장 행정,887.0,736.0,738.0,682.0,697
12,3,교육 서비스업,928.0,696.0,678.0,622.0,594
12,4,숙박업,1056.0,857.0,861.0,885.0,887
12,4,컴퓨터 프로그래밍/ 시스템 통합 및 관리업,936.0,945.0,931.0,907.0,971
12,4,연구개발업,877.0,828.0,836.0,792.0,810
12,4,공공행정/ 국방 및 사회보장 행정,885.0,734.0,735.0,682.0,696
12,4,교육 서비스업,913.0,689.0,668.0,616.0,583
12,5,숙박업,1049.0,855.0,861.0,884.0,887
12,5,컴퓨터 프로그래밍/ 시스템 통합 및 관리업,934.0,942.0,929.0,907.0,974
12,5,연구개발업,880.0,829.0,837.0,795.0,814
12,5,공공행정/ 국방 및 사회보장 행정,896.0,746.0,746.0,692.0,708
12,5,교육 서비스업,919.0,692.0,672.0,621.0,587
12,6,숙박업,1087.0,887.0,898.0,914.0,917
12,6,컴퓨터 프로그래밍/ 시스템 통합 및 관리업,939.0,947.0,933.0,915.0,973
12,6,연구개발업,899.0,846.0,860.0,816.0,833
12,6,공공행정/ 국방 및 사회보장 행정,946.0,787.0,787.0,734.0,753
12,6,교육 서비스업,943.0,712.0,696.0,647.0,615
12,7,숙박업,1152.0,944.0,956.0,963.0,958
12,7,컴퓨터 프로그래밍/ 시스템 통합 및 관리업,958.0,964.0,954.0,932.0,981
12,7,연구개발업,954.0,890.0,908.0,874.0,895
12,7,공공행정/ 국방 및 사회보장 행정,1086.0,901.0,904.0,864.0,879
12,7,교육 서비스업,1016.0,760.0,751.0,709.0,689
12,8,숙박업,1196.0,980.0,989.0,988.0,980
12,8,컴퓨터 프로그래밍/ 시스템 통합 및 관리업,1000.0,995.0,992.0,974.0,993
12,8,연구개발업,1049.0,961.0,983.0,947.0,1001
12,8,공공행정/ 국방 및 사회보장 행정,1282.0,1060.0,1068.0,1078.0,1078
12,8,교육 서비스업,1223.0,908.0,912.0,896.0,910
12,9,숙박업,1222.0,1002.0,1016.0,998.0,990
12,9,컴퓨터 프로그래밍/ 시스템 통합 및 관리업,1081.0,1056.0,1050.0,1047.0,1012
12,9,연구개발업,1216.0,1090.0,1106.0,1131.0,1139
12,9,공공행정/ 국방 및 사회보장 행정,1518.0,1249.0,1266.0,1341.0,1321
12,9,교육 서비스업,1846.0,1363.0,1398.0,1468.0,1514
12,10,숙박업,1235.0,1016.0,1036.0,1005.0,992
12,10,컴퓨터 프로그래밍/ 시스템 통합 및 관리업,1135.0,1061.0,1085.0,1103.0,1027
12,10,연구개발업,1360.0,1194.0,1206.0,1289.0,1250
12,10,공공행정/ 국방 및 사회보장 행정,1631.0,1337.0,1360.0,1450.0,1430
12,10,교육 서비스업,2204.0,1622.0,1663.0,1806.0,1822
12,11,숙박업,1248.0,1032.0,1050.0,1020.0,992
12,11,컴퓨터 프로그래밍/ 시스템 통합 및 관리업,1144.0,1065.0,1091.0,1108.0,1026
12,11,연구개발업,1389.0,1208.0,1213.0,1298.0,1242
12,11,공공행정/ 국방 및 사회보장 행정,1607.0,1313.0,1336.0,1410.0,1383
12,11,교육 서비스업,2185.0,1602.0,1642.0,1799.0,1800
12,12,숙박업,1236.0,1018.0,1032.0,1010.0,976
12,12,컴퓨터 프로그래밍/ 시스템 통합 및 관리업,1143.0,1064.0,1084.0,1099.0,1024
12,12,연구개발업,1366.0,1189.0,1192.0,1263.0,1217
12,12,공공행정/ 국방 및 사회보장 행정,1534.0,1252.0,1272.0,1329.0,1304
12,12,교육 서비스업,2120.0,1549.0,1585.0,1727.0,1733
12,13,숙박업,1223.0,1003.0,1015.0,1003.0,968
12,13,컴퓨터 프로그래밍/ 시스템 통합 및 관리업,1128.0,1054.0,1076.0,1086.0,1025
12,13,연구개발업,1315.0,1154.0,1159.0,1215.0,1193
12,13,공공행정/ 국방 및 사회보장 행정,1442.0,1180.0,1195.0,1242.0,1225
12,13,교육 서비스업,1971.0,1441.0,1474.0,1597.0,1626
12,14,숙박업,1214.0,995.0,1008.0,997.0,963
12,14,컴퓨터 프로그래밍/ 시스템 통합 및 관리업,1130.0,1056.0,1080.0,1088.0,1029
12,14,연구개발업,1329.0,1159.0,1171.0,1224.0,1203
12,14,공공행정/ 국방 및 사회보장 행정,1461.0,1190.0,1210.0,1256.0,1236
12,14,교육 서비스업,1933.0,1406.0,1436.0,1529.0,1566
12,15,숙박업,1214.0,996.0,1005.0,994.0,966
12,15,컴퓨터 프로그래밍/ 시스템 통합 및 관리업,1129.0,1054.0,1077.0,1084.0,1029
12,15,연구개발업,1324.0,1158.0,1169.0,1220.0,1201
12,15,공공행정/ 국방 및 사회보장 행정,1433.0,1167.0,1187.0,1227.0,1211
12,15,교육 서비스업,1844.0,1335.0,1360.0,1443.0,1464
12,16,숙박업,1231.0,1008.0,1016.0,1004.0,983
12,16,컴퓨터 프로그래밍/ 시스템 통합 및 관리업,1125.0,1048.0,1071.0,1078.0,1028
12,16,연구개발업,1315.0,1153.0,1164.0,1212.0,1195
12,16,공공행정/ 국방 및 사회보장 행정,1424.0,1159.0,1179.0,1215.0,1201
12,16,교육 서비스업,1739.0,1255.0,1275.0,1338.0,1342
12,17,숙박업,1268.0,1041.0,1046.0,1033.0,1020
12,17,컴퓨터 프로그래밍/ 시스템 통합 및 관리업,1122.0,1046.0,1069.0,1072.0,1029
12,17,연구개발업,1313.0,1147.0,1157.0,1202.0,1181
12,17,공공행정/ 국방 및 사회보장 행정,1431.0,1163.0,1180.0,1210.0,1200
12,17,교육 서비스업,1529.0,1099.0,1116.0,1122.0,1118
12,18,숙박업,1343.0,1097.0,1092.0,1091.0,1090
12,18,컴퓨터 프로그래밍/ 시스템 통합 및 관리업,1118.0,1041.0,1042.0,1063.0,1018
12,18,연구개발업,1271.0,1117.0,1092.0,1136.0,1099
12,18,공공행정/ 국방 및 사회보장 행정,1406.0,1149.0,1134.0,1167.0,1162
12,18,교육 서비스업,1275.0,931.0,915.0,866.0,883
12,19,숙박업,1366.0,1114.0,1090.0,1096.0,1119
12,19,컴퓨터 프로그래밍/ 시스템 통합 및 관리업,1064.0,1004.0,990.0,1012.0,1000
12,19,연구개발업,1155.0,1022.0,984.0,994.0,977
12,19,공공행정/ 국방 및 사회보장 행정,1271.0,1038.0,1000.0,995.0,998
12,19,교육 서비스업,1148.0,839.0,813.0,744.0,767
12,20,숙박업,1355.0,1102.0,1079.0,1084.0,1115
12,20,컴퓨터 프로그래밍/ 시스템 통합 및 관리업,1039.0,985.0,974.0,987.0,991
12,20,연구개발업,1087.0,968.0,938.0,917.0,914
12,20,공공행정/ 국방 및 사회보장 행정,1189.0,970.0,934.0,910.0,923
12,20,교육 서비스업,1082.0,797.0,773.0,687.0,705
12,21,숙박업,1332.0,1087.0,1060.0,1060.0,1103
12,21,컴퓨터 프로그래밍/ 시스템 통합 및 관리업,1022.0,973.0,964.0,975.0,992
12,21,연구개발업,1046.0,945.0,914.0,875.0,898
12,21,공공행정/ 국방 및 사회보장 행정,1124.0,923.0,889.0,857.0,872
12,21,교육 서비스업,1028.0,762.0,736.0,649.0,658
12,22,숙박업,1296.0,1058.0,1034.0,1030.0,1078
12,22,컴퓨터 프로그래밍/ 시스템 통합 및 관리업,999.0,952.0,945.0,957.0,988
12,22,연구개발업,999.0,913.0,884.0,831.0,865
12,22,공공행정/ 국방 및 사회보장 행정,1041.0,861.0,837.0,801.0,814
12,22,교육 서비스업,963.0,718.0,690.0,612.0,611
12,23,숙박업,1269.0,1032.0,1008.0,1025.0,1066
12,23,컴퓨터 프로그래밍/ 시스템 통합 및 관리업,975.0,937.0,931.0,941.0,979
12,23,연구개발업,943.0,864.0,848.0,789.0,817
12,23,공공행정/ 국방 및 사회보장 행정,969.0,805.0,784.0,749.0,758
12,23,교육 서비스업,918.0,690.0,661.0,601.0,586
12,24,숙박업,1300.0,1057.0,1028.0,1065.0,1084
12,24,컴퓨터 프로그래밍/ 시스템 통합 및 관리업,963.0,958.0,921.0,928.0,982
12,24,연구개발업,917.0,854.0,840.0,780.0,822
12,24,공공행정/ 국방 및 사회보장 행정,934.0,779.0,757.0,722.0,733
12,24,교육 서비스업,956.0,721.0,691.0,632.0,609
